00000.png,3,1,1.69126852900505,0.175540948644257
00001.png,8,0,2.48085421492753,0.280773028408826
00002.png,4,0,1.59899655275981,0.0809041125164335
00003.png,3,0,1.65233706499551,0.135476982398676
00004.png,4,0,1.62523062195373,0.0243571599037639
00005.png,7,0,2.18048512353222,0.184502838325069
00006.png,3,0,1.78976674041717,0.0961720577677349
00007.png,4,0,1.70080734700852,0.156032044667883
00008.png,4,0,1.76571064511194,0.109113258212503
00009.png,4,0,1.90753420276973,0.164454419402324
00010.png,3,0,1.69373584657451,0.0874497587669545
00011.png,8,0,2.40891982318275,0.178185440046724
00012.png,2,0,1.52975514234878,0.0883004784591455
00013.png,4,0,1.59987070751653,0.0869158615300633
00014.png,4,1,1.7446383111628,0.333516469462422
00015.png,10,0,2.00352240204479,0.27823784236444
00016.png,5,0,1.66872608807306,0.180747408048334
00017.png,5,0,2.05664396312054,0.28342832284989
00018.png,4,0,1.79972334962049,0.133943897982112
00019.png,6,0,2.26157898106113,0.206590668152229
00020.png,3,0,1.34473502292014,0.0560510494163544
00021.png,6,0,2.08316807809256,0.0803965891048171
00022.png,3,0,1.72851753006945,0.274039404145516
00023.png,4,0,1.67390481565304,0.276870171382026
00024.png,6,0,2.26036525842779,0.124873598456772
00025.png,9,0,2.54040629077533,0.226490119938329
00026.png,3,0,1.70927931679204,0.148707696029491
00027.png,6,0,2.1130488792158,0.146277957064404
00028.png,7,0,2.29031062513908,0.326797236681016
00029.png,5,0,1.98029701157859,0.0846793663487681
00030.png,4,0,1.75488885509923,0.190102719245877
00031.png,3,0,1.62100866924076,0.116048800158376
00032.png,7,0,2.05654428640228,0.275433312111144
00033.png,7,0,2.153189191425,0.213835975627248
00034.png,3,0,1.55638376020878,0.192532364944062
00035.png,5,1,1.83196578513496,0.352473307845391
00036.png,7,0,2.26050792812495,0.173403220447804
00037.png,7,0,2.34581485443855,0.331562958979252
00038.png,4,0,1.61763952725262,0.220154591501229
00039.png,8,0,2.32348851187235,0.255388202626512
00040.png,5,1,1.85780695036641,0.327875364424457
00041.png,4,0,1.6494303562957,0.0383756916649406
00042.png,6,0,2.10672978771048,0.15979835451875
00043.png,6,0,1.89618125659053,0.138062024299522
00044.png,6,0,2.21638999795632,0.0992945766448706
00045.png,7,0,2.12744989488583,0.214516397105862
00046.png,4,0,1.76666400044585,0.160836741376518
00047.png,2,0,1.49789047116171,0.101638196228438
00048.png,7,0,2.2453799762798,0.22778856140723
00049.png,5,0,1.77304325717192,0.230169569263537
00050.png,6,0,1.99637570813009,0.146718109305486
00051.png,3,0,1.60975746828523,0.139285942961617
00052.png,4,0,1.87472302122104,0.194214873992031
00053.png,4,0,1.96130228698714,0.149233328388166
00054.png,4,0,1.77987349517193,0.276564827589006
00055.png,2,0,1.595413963355,0.0951134563296384
00056.png,4,0,1.76303033634182,0.149766799349076
00057.png,6,0,2.18138412779033,0.217823988425961
00058.png,7,0,2.02573014828773,0.162358830740588
00059.png,4,0,1.8025347132099,0.142667356690129
00060.png,4,0,1.83766303792638,0.0386173160478855
00061.png,8,0,2.20312790514958,0.112271619214066
00062.png,4,0,1.78359201218954,0.235519089428112
00063.png,5,0,2.1064034133671,0.185554555379843
00064.png,2,0,1.46339528669343,0.171854354626909
00065.png,5,0,1.88630946238244,0.171422157895764
00066.png,2,1,1.28671552572647,0.157753758295731
00067.png,5,0,2.04306294898933,0.0505865512781211
00068.png,7,0,2.09269310520978,0.176040032538295
00069.png,2,0,1.32371823154837,0.101796208754564
00070.png,4,0,1.97324599529297,0.179981511488193
00071.png,5,1,1.83302858134722,0.324157013135801
00072.png,2,0,1.46751295059078,0.26400751640566
00073.png,3,0,1.74890158558772,0.0909923456805999
00074.png,7,0,2.24574663429456,0.229210461450113
00075.png,2,1,1.43507104839238,0.112094542977565
00076.png,5,0,1.85125627388381,0.150338513032356
00077.png,4,0,1.64173706594027,0.0946879408334658
00078.png,4,0,1.88586808650092,0.117213039427654
00079.png,7,0,2.17564173708477,0.241555182919099
00080.png,1,0,1.41176826014284,0.108607552663723
00081.png,5,0,1.93764300400729,0.0520393352637678
00082.png,3,1,1.37499321949826,0.15407187979087
00083.png,4,1,1.90210150488744,0.387957416598256
00084.png,4,0,1.90217606211871,0.177887889881459
00085.png,5,0,2.00391226113256,0.201366061543317
00086.png,5,0,1.90621073055268,0.298479360782756
00087.png,3,2,1.57395890908681,0.332978875307218
00088.png,6,0,2.17788870413702,0.205196662491287
00089.png,5,0,1.89535334161426,0.142420933219014
00090.png,5,0,1.992112646571,0.20069969937319
00091.png,6,0,2.01740214670374,0.159501949388234
00092.png,5,0,1.93939386357235,0.167576980992891
00093.png,3,0,1.75107480032865,0.200446375812518
00094.png,5,0,2.14307372346541,0.129908266449505
00095.png,6,0,1.97317481945365,0.0584685568409747
00096.png,5,0,1.82257111300607,0.186584157080307
00097.png,4,0,1.87165745411674,0.183489664891292
00098.png,3,1,1.58585065569708,0.147697907930708
00099.png,4,0,1.67272188742755,0.0892143532483132
00100.png,7,0,2.18683724892264,0.0739120432991799
00101.png,6,1,2.29910355099815,0.300573645981069
00102.png,5,0,2.07078245322736,0.25275275737551
00103.png,3,2,1.75097671576945,0.300553007277689
00104.png,4,0,1.70886480014622,0.127246131714446
00105.png,4,0,1.94046703999612,0.215907672319249
00106.png,3,0,1.75204414174652,0.195394946106372
00107.png,3,0,1.83443603031325,0.118439750927345
00108.png,3,0,1.84613390874715,0.155243203246866
00109.png,6,0,1.96524429915023,0.255221645855889
00110.png,6,0,2.28296562293585,0.225214015552007
00111.png,4,0,1.98148638073727,0.25071569327243
00112.png,4,0,1.7630071206319,0.119106968236033
00113.png,3,0,1.55446989068399,0.180515158161118
00114.png,3,1,1.73773045688408,0.253519660659961
00115.png,6,0,2.20920995712529,0.148701471872762
00116.png,2,0,1.34766247467263,0.0851216959004484
00117.png,4,0,1.85416983168698,0.223358003291649
00118.png,8,0,2.37936411347264,0.25060005259872
00119.png,5,0,2.12506800846823,0.333653196269897
00120.png,7,0,2.19377597308219,0.0750070872652024
00121.png,3,0,1.7028532545545,0.0280224188268463
00122.png,5,0,1.92691173023094,0.145570366411113
00123.png,3,0,1.58507187451311,0.0615763352237165
00124.png,5,0,2.01792376300935,0.17883382825358
00125.png,5,0,1.9451689299373,0.243238606528527
00126.png,5,0,1.92289694146241,0.267820488450776
00127.png,9,1,2.41271686606209,0.374670010404965
00128.png,6,0,1.89964197518789,0.202822313860252
00129.png,6,0,1.97705498211051,0.0434495846732635
00130.png,2,0,1.44256699224709,0.00440223528525718
00131.png,3,0,1.3627298094176,0.0897330107328737
00132.png,6,0,2.03142062102784,0.194363642148348
00133.png,9,0,2.29392964395367,0.289847446661167
00134.png,7,1,2.07134144216537,0.292224582465409
00135.png,3,0,1.54569119818697,0.102568645787107
00136.png,5,0,2.14548487033679,0.192226771428393
00137.png,4,0,1.93102089589409,0.104843549787281
00138.png,5,0,1.91179781835136,0.260652156676382
00139.png,4,0,1.76416880160216,0.245079354644774
00140.png,5,0,1.94502920696645,0.156791629521388
00141.png,4,0,1.66821642316106,0.224471555336001
00142.png,5,0,1.78223595734209,0.0178392496526953
00143.png,5,0,1.80914139144379,0.12654852579068
00144.png,3,0,1.67991031802729,0.14989894902251
00145.png,5,0,1.92346313794455,0.142777024233628
00146.png,4,1,1.7365038215436,0.283820259523763
00147.png,3,0,1.54464690251503,0.207003951786283
00148.png,4,0,1.77089985138673,0.0926594680872876
00149.png,7,0,2.28285839034522,0.280254942575832
00150.png,6,0,2.02777776328414,0.164251240156892
00151.png,5,0,1.83590856967307,0.169743013135843
00152.png,5,0,1.91904721465967,0.280241819509782
00153.png,7,0,2.16480139216075,0.263053311392107
00154.png,5,1,1.97828804191566,0.2481100002502
00155.png,4,0,1.79996834515544,0.171352641791258
00156.png,4,0,1.78266964551114,0.189431086737168
00157.png,3,0,1.58467652437734,0.110034606710777
00158.png,2,0,1.59311774501946,0.0417570100646331
00159.png,4,1,1.92171220622442,0.22139484582615
00160.png,7,0,2.11697584817137,0.213184216057873
00161.png,5,0,2.03224657056066,0.14647037875802
00162.png,3,1,1.49756388634954,0.166338279759905
00163.png,8,0,2.33025897928703,0.0884781334447842
00164.png,3,1,1.62050163621067,0.233811069818816
00165.png,5,0,1.87771379071624,0.197591201180782
00166.png,3,0,1.66038256653139,0.227086642314939
00167.png,6,0,2.20006904915218,0.231903568987654
00168.png,5,0,1.90965226756901,0.0830061308665371
00169.png,5,0,1.92183658500429,0.0736660218125693
00170.png,3,0,1.65454969121707,0.206801934922509
00171.png,3,0,1.64698797798337,0.194069829282154
00172.png,4,0,2.022941416882,0.338350089767316
00173.png,5,0,1.80116045442254,0.0838883331330426
00174.png,4,0,1.87880746065415,0.229353663868696
00175.png,3,0,1.7244430245722,0.0778484240946025
00176.png,8,0,2.36419361777294,0.320410137380626
00177.png,5,1,1.93007605930059,0.231770985740808
00178.png,5,0,1.87108538354326,0.215612674353452
00179.png,2,1,1.57937757305402,0.198616834922181
00180.png,5,0,1.80166633849152,0.169673261083323
00181.png,5,0,1.94146519634878,0.11691070490671
00182.png,8,0,2.30370240911803,0.245340352167248
00183.png,6,0,2.14462241496124,0.110605378717042
00184.png,7,0,2.18994051526244,0.112131584384766
00185.png,5,1,1.57592207824001,0.136342295726149
00186.png,8,0,2.39336171328061,0.307835802957197
00187.png,5,0,2.12250039615104,0.204594629376464
00188.png,2,0,1.46885465936032,0.0579153941730942
00189.png,5,0,1.77330221516299,0.16583284586891
00190.png,4,1,1.92407949206669,0.299162316894631
00191.png,5,0,2.02815321460908,0.124587812997926
00192.png,6,0,2.10638719259284,0.186011852538463
00193.png,4,0,1.65480437259857,0.163944263544165
00194.png,5,0,1.80600655808212,0.105026491225476
00195.png,5,0,2.12392706998669,0.283578601959266
00196.png,5,0,1.74882370138159,0.0590800409196706
00197.png,6,0,2.01213377155706,0.164779259877601
00198.png,5,0,1.96824088509,0.106323501891857
00199.png,5,0,1.9562487805049,0.145814281360253
00200.png,5,0,1.96231851241115,0.208488964778533
00201.png,3,0,1.73910963632696,0.131686847498699
00202.png,7,0,2.10017062266419,0.237959272667832
00203.png,6,0,2.11374090792439,0.137039114928825
00204.png,5,1,1.89281086693355,0.228932339942366
00205.png,5,0,1.5356883476724,0.189797255529419
00206.png,4,1,1.98385144199908,0.264899473881798
00207.png,6,0,1.9098562354586,0.186751593857676
00208.png,4,0,1.94253600336217,0.225635939470768
00209.png,2,0,1.40398911970339,0.0884611731948293
00210.png,5,1,1.93006422190902,0.274410873187311
00211.png,5,0,1.98577758781843,0.37977510191828
00212.png,5,0,1.82930692237976,0.184188556261235
00213.png,6,0,2.24382187357054,0.155776383898339
00214.png,5,1,1.78193523859744,0.284373563183625
00215.png,8,0,2.2746666031903,0.240946717432995
00216.png,4,0,1.75338991038927,0.189819556823268
00217.png,2,0,1.66204161192482,0.272141100741105
00218.png,3,0,1.59553990823225,0.089607247367292
00219.png,4,0,1.81573636325294,0.155696321735224
00220.png,6,0,1.97668252100132,0.130237032065779
00221.png,6,0,1.80912391480082,0.144148054243862
00222.png,7,0,2.14379820039271,0.273439238524959
00223.png,4,0,1.78964468500397,0.158659831251635
00224.png,4,0,1.99451899977034,0.242576181667334
00225.png,4,0,1.83502191796658,0.23241676768817
00226.png,5,0,1.96048613184412,0.149687453032783
00227.png,5,0,2.01620031129883,0.23030553027169
00228.png,4,0,1.82699857587408,0.160126586186911
00229.png,5,1,1.87671829102236,0.187578122110659
00230.png,5,0,2.00404170214437,0.207071394526779
00231.png,4,0,2.01691482023256,0.205944428272004
00232.png,5,0,1.87796685341634,0.121348813297383
00233.png,4,0,1.7023073435434,0.26125436710683
00234.png,4,0,1.67706375304346,0.0231759005280677
00235.png,5,0,2.0787315968401,0.213770924502533
00236.png,6,0,2.0043821001763,0.113491465586438
00237.png,5,0,1.85044984450819,0.154325156642026
00238.png,2,0,1.36428488018546,0.0466604187901966
00239.png,4,0,1.97392068230745,0.189677250523962
00240.png,4,1,1.91944749586015,0.328680473280214
00241.png,7,0,2.42398453895965,0.147687868034479
00242.png,6,0,2.00450026795498,0.293134510722674
00243.png,6,0,2.26455521192334,0.217368648847242
00244.png,6,0,1.97107116241314,0.175720670766687
00245.png,2,1,1.3901323970676,0.325525552156104
00246.png,4,0,1.62424341205426,0.0546408486658157
00247.png,7,0,2.19464940221761,0.106248448291088
00248.png,3,1,1.69941968297605,0.326100713386846
00249.png,5,0,1.85561911352048,0.252582331878349
00250.png,8,0,2.37868191230394,0.19048666763282
00251.png,5,0,1.9074030509387,0.175708700756903
00252.png,3,0,1.58276713296803,0.12510569227273
00253.png,2,1,1.44503672562904,0.149856838021651
00254.png,5,0,2.04260949064887,0.205874680700919
00255.png,5,0,1.85039140826725,0.122964044819772
00256.png,4,1,1.903471000151,0.333259538965236
00257.png,7,0,2.287539823349,0.174436426943982
00258.png,6,0,2.01979926383531,0.238709296638262
00259.png,4,0,1.75151936186675,0.152522384558525
00260.png,9,0,2.50985997362415,0.196389652265548
00261.png,6,1,2.26092184486381,0.224354571414248
00262.png,5,0,1.98632035850577,0.304294876848269
00263.png,5,0,1.79260796619665,0.19540036815853
00264.png,3,0,1.4858540938097,0.0412883919549689
00265.png,3,0,1.82331377025349,0.242842638996331
00266.png,5,1,1.94758610278526,0.159231928249486
00267.png,5,0,1.90218537803981,0.0768548780785437
00268.png,6,0,2.05396765559949,0.125135043742677
00269.png,5,0,1.91218488833483,0.270702489226845
00270.png,3,0,1.65157227949285,0.188078324593761
00271.png,5,0,1.88386361304615,0.142506491479959
00272.png,6,0,1.96375393440962,0.121339690247295
00273.png,2,0,1.34371808629101,0.122609594579444
00274.png,5,0,1.98229298649655,0.0820041489939526
00275.png,6,0,2.17960224829052,0.258073482154133
00276.png,6,0,2.15649170749441,0.260985552067786
00277.png,6,1,1.87010037089225,0.30947596823331
00278.png,6,0,2.00712327729493,0.144871793727991
00279.png,7,0,1.97980646309798,0.161416726102393
00280.png,4,0,1.81373172802371,0.291400854085581
00281.png,3,0,1.51610307791962,0.0542496762014596
00282.png,6,0,2.07522291542367,0.231233745316662
00283.png,6,0,2.06148580174481,0.174476341548745
00284.png,8,0,2.29652515805054,0.331259609354064
00285.png,4,0,1.74324871306007,0.236513668402388
00286.png,6,0,2.18632642955637,0.21320986091086
00287.png,3,0,1.79157138693651,0.108418779232909
00288.png,3,0,2.004342877972,0.344475106420967
00289.png,6,1,2.14658143474662,0.266598351086515
00290.png,3,0,1.58557386808236,0.132339174423627
00291.png,5,0,2.04933292029085,0.229940494975814
00292.png,3,2,1.57752870116839,0.350758695886676
00293.png,3,0,1.71973267772181,0.106655446735961
00294.png,3,0,1.84762707855725,0.260901389250595
00295.png,8,0,2.25392425873523,0.237761987453195
00296.png,3,0,1.63216629145996,0.111382246589786
00297.png,5,0,2.00581915530857,0.278392569955378
00298.png,5,0,1.84855021595035,0.144509029519131
00299.png,4,0,1.85028684415249,0.283735879767605
00300.png,7,0,2.01815174328859,0.29448380862044
00301.png,5,0,1.93964399663282,0.0908745558962556
00302.png,7,0,2.28000682226459,0.176300954513309
00303.png,6,0,1.99015163334392,0.0921784850466598
00304.png,6,0,1.95066901379126,0.218757222302381
00305.png,5,0,1.8702888739361,0.117748539379946
00306.png,5,0,1.94944590754729,0.228609326076711
00307.png,5,0,2.04048079888543,0.24713614288338
00308.png,7,0,2.14616721010021,0.239384735052875
00309.png,6,0,2.12855557461906,0.0668562825085015
00310.png,5,0,2.08606422726287,0.192760844375644
00311.png,5,0,1.84151773710073,0.136612725897996
00312.png,6,0,2.02410407918663,0.338329129734647
00313.png,5,0,1.94613037193922,0.259795868206274
00314.png,5,0,1.79129822505152,0.0927294360953342
00315.png,7,0,2.20290941459823,0.142544714413265
00316.png,4,0,1.89345267771755,0.151667387318719
00317.png,7,0,2.12990215653477,0.116800006202496
00318.png,4,0,1.69932852095574,0.0268730707525102
00319.png,8,0,2.39733524181069,0.143865718500817
00320.png,3,0,1.53854863951008,0.163173469228298
00321.png,6,0,1.86964468629986,0.17907513432028
00322.png,7,0,2.23964052937969,0.256276448973318
00323.png,4,0,1.87341864011453,0.290149099713501
00324.png,8,0,2.45761212270124,0.33095229560075
00325.png,4,0,1.81075211755299,0.250155338037304
00326.png,5,0,2.01823486878213,0.150556569599522
00327.png,6,0,2.0409840643202,0.183832615528134
00328.png,3,0,1.72947860612172,0.0730670552715338
00329.png,6,0,2.00310841905566,0.125789278435397
00330.png,6,0,1.86634013268083,0.15363999062358
00331.png,5,0,2.10083529399192,0.150796042454623
00332.png,4,0,1.79537965564213,0.100276037965291
00333.png,6,0,2.1981933843517,0.243864897739904
00334.png,7,0,2.24874217660412,0.24534746313057
00335.png,3,0,1.62515384766742,0.151854203490681
00336.png,5,0,1.89279811449633,0.157056091621527
00337.png,5,0,2.01857133448784,0.358850177952016
00338.png,3,1,1.57121672815732,0.222727490651194
00339.png,3,0,1.63969431916381,0.196550783431464
00340.png,3,0,1.62973707492882,0.112431985139123
00341.png,4,0,1.7647073696837,0.12646565402602
00342.png,7,0,2.33988432025011,0.33339663389007
00343.png,6,0,2.19070327046233,0.201269619814344
00344.png,4,0,1.68747174847715,0.0775779385014475
00345.png,4,0,1.58012988488252,0.151087475665149
00346.png,6,0,2.12273725690278,0.247145482377965
00347.png,5,0,1.75079344874857,0.163503309870633
00348.png,3,0,1.52401743627122,0.113766569023734
00349.png,6,0,1.94537933996136,0.281779822298145
00350.png,5,0,1.86398108765481,0.149556392094917
00351.png,6,0,2.02861707824031,0.140482241749157
00352.png,7,0,1.96496325472569,0.192522152883943
00353.png,4,0,1.89189365661762,0.157008080233976
00354.png,4,0,1.94386479198852,0.185249653062712
00355.png,4,0,1.8063441846476,0.14722021801638
00356.png,4,0,1.80312071275961,0.148748185864032
00357.png,8,0,2.32446439219852,0.219680148129013
00358.png,5,0,1.78831165684788,0.140697929892831
00359.png,4,0,1.90533022888975,0.111274882680309
00360.png,4,0,1.84634559105995,0.247615727763069
00361.png,3,1,1.73902128269907,0.272743942397846
00362.png,4,0,2.02626714152958,0.29728416865216
00363.png,4,0,1.81053092138246,0.235713010793643
00364.png,3,0,1.72042480134916,0.101923012181582
00365.png,3,0,1.7078085534684,0.0590676622213066
00366.png,3,0,1.50994087442278,0.0233346814210954
00367.png,6,0,2.17456184963462,0.245818089516143
00368.png,5,0,1.86684922541666,0.193441628696976
00369.png,7,0,2.36515216836724,0.221444192084678
00370.png,4,0,1.84224223626737,0.162288913638304
00371.png,4,0,1.72615532035953,0.132638238021194
00372.png,7,0,2.40579925811059,0.150164449092589
00373.png,7,0,2.13888232012937,0.101478551338716
00374.png,7,0,1.97950078951776,0.164801746169571
00375.png,4,0,1.7006666804134,0.234224126700457
00376.png,5,0,1.70549961716414,0.107994453886444
00377.png,5,0,1.89652050886455,0.207555243227372
00378.png,5,1,1.93377605207482,0.201610339875926
00379.png,2,0,1.51810084193639,0.136990409094871
00380.png,6,0,1.97330755945205,0.0889692029459019
00381.png,3,0,1.9511085198064,0.238203224256337
00382.png,7,0,2.15650751617351,0.156060508770995
00383.png,4,0,1.76081870900856,0.211313924386209
00384.png,6,1,2.35665241723824,0.362126547635504
00385.png,5,0,1.88632045488717,0.178538361243405
00386.png,3,0,1.83828747487765,0.160433098517865
00387.png,3,0,1.59558750511916,0.0486252165046014
00388.png,2,0,1.49101420180443,0.225317773807127
00389.png,3,1,1.71716035078931,0.219532082775946
00390.png,4,0,1.90010865353371,0.10440685143115
00391.png,4,0,1.78284601339122,0.146008848930834
00392.png,7,0,2.18155913748253,0.104481560583999
00393.png,4,0,1.69463996208794,0.196178920435611
00394.png,5,0,1.97896468457157,0.18051247868086
00395.png,9,0,2.22478130681898,0.179010439355305
00396.png,4,0,1.67307704290756,0.108135011046846
00397.png,3,0,1.64945977012376,0.0410470609517055
00398.png,6,0,2.21689503443895,0.0951990085959041
00399.png,6,0,2.02156258630887,0.16308292056611
00400.png,3,0,1.54829584797913,0.0901145874402642
00401.png,4,0,1.75877829966558,0.0932503776015867
00402.png,5,0,1.82240550811676,0.304293405816991
00403.png,4,0,1.78146651263522,0.169943699762952
00404.png,4,0,1.8221269364157,0.192345837273953
00405.png,3,0,1.56371278584721,0.160263267838545
00406.png,5,0,1.82923336909298,0.101182421226833
00407.png,4,0,2.02845357546543,0.15077663238038
00408.png,9,0,2.33694177258724,0.258420473878934
00409.png,3,0,1.40178758397785,0.112184957801008
00410.png,6,0,2.06191240837154,0.230539538546167
00411.png,5,0,1.84186137184818,0.125554600433531
00412.png,6,0,1.98847595881118,0.272573186579045
00413.png,5,0,1.82458907096103,0.0986361286900806
00414.png,4,0,1.94495191078736,0.0814595516716891
00415.png,6,1,2.22168589908953,0.444779414779061
00416.png,7,0,2.05059330157167,0.166545341417891
00417.png,5,0,1.94549872667795,0.261716144859224
00418.png,4,1,1.83146364339928,0.21268738621048
00419.png,5,0,2.00256247485436,0.0902530452405836
00420.png,1,0,1.10670252789333,0.0109528654398117
00421.png,8,0,2.37256853034739,0.241231415403767
00422.png,7,0,2.21595999295076,0.256613876212754
00423.png,4,0,1.89021589999135,0.128254778155306
00424.png,8,0,2.29434717309909,0.331433427978316
00425.png,3,0,1.74471565709978,0.147246794808026
00426.png,3,1,1.7261745610768,0.313112916608593
00427.png,3,0,1.74022160492414,0.148912857512361
00428.png,4,0,1.90865481627996,0.195716421034964
00429.png,9,0,2.32257945299786,0.260374653184159
00430.png,5,0,1.84609073467246,0.236229254694018
00431.png,5,0,1.66756078456652,0.155911120982197
00432.png,1,1,1.34904847133993,0.259717384368264
00433.png,4,0,1.6222397490986,0.214351193726365
00434.png,5,0,1.82481163551743,0.0774550578200086
00435.png,5,0,1.87967377135038,0.217360593121475
00436.png,5,0,2.08547139095992,0.140843201944761
00437.png,3,0,1.75863052910838,0.0778412967018967
00438.png,7,0,2.28297295651169,0.213742013546722
00439.png,5,2,2.00939264232167,0.467541466433769
00440.png,4,0,1.75225482122788,0.0888562596309193
00441.png,4,0,1.63764890809905,0.122568611177893
00442.png,5,0,1.96877776228038,0.131249873815881
00443.png,4,0,1.85663188310097,0.219156903145111
00444.png,8,0,2.33624401889304,0.306336142337154
00445.png,5,0,1.9378940211041,0.079860823072052
00446.png,4,0,1.77067680330438,0.171187571529984
00447.png,7,0,1.97614125533816,0.22898684934413
00448.png,6,0,2.03785075469449,0.256003991074136
00449.png,4,0,1.89708747059534,0.188050419121241
00450.png,5,1,2.10152771580425,0.287424041372632
00451.png,3,0,1.5988097452668,0.146702945729135
00452.png,6,0,2.13361564088615,0.176111565197498
00453.png,5,0,1.96127640251223,0.201503001869
00454.png,4,0,1.74917222097657,0.0813000528145622
00455.png,5,0,1.9468434834983,0.167565614027196
00456.png,6,0,2.05702659913674,0.304184873305616
00457.png,3,0,1.77357378889006,0.0913381636185593
00458.png,5,0,2.07794891568472,0.161567323533533
00459.png,4,1,1.96324397762,0.28253830330876
00460.png,5,0,1.83248429630249,0.148278519070012
00461.png,6,0,1.91248405154048,0.263145051996286
00462.png,6,0,2.33596245042349,0.2676871820892
00463.png,10,0,2.44621562888953,0.109237278135351
00464.png,8,0,2.19932561114616,0.163972399733366
00465.png,6,0,2.17130641603826,0.230848277956728
00466.png,7,0,2.15637665704855,0.195171418024694
00467.png,5,0,2.18488321167892,0.154583587529216
00468.png,4,0,1.86664340982752,0.188430485063066
00469.png,7,0,2.1005980125558,0.375856673421874
00470.png,6,0,2.00456250308033,0.180063883158327
00471.png,5,0,1.78635850139153,0.262634521828995
00472.png,5,0,1.78201471758526,0.149037305895376
00473.png,4,0,1.60548390409104,0.18747445474972
00474.png,6,0,2.13295947089239,0.256606551457396
00475.png,5,0,2.00230643897422,0.349066733961463
00476.png,6,0,2.03098598100236,0.0561635216883112
00477.png,7,0,2.24803745962166,0.109751234492491
00478.png,7,0,2.30439362692396,0.165692004940905
00479.png,6,0,1.99991043546751,0.151823702236247
00480.png,8,0,2.38187841402143,0.261724866597405
00481.png,4,0,1.71847273654971,0.0130328711985001
00482.png,5,0,1.91719810150394,0.281986966994436
00483.png,6,0,2.13392165739632,0.179506241660593
00484.png,6,0,1.95248228078181,0.178415970687521
00485.png,5,0,1.96934814522133,0.149704947352386
00486.png,5,0,1.98811012504505,0.204571601146387
00487.png,5,1,1.86547507930926,0.332771258006272
00488.png,8,0,2.31872790151769,0.245171033203852
00489.png,4,0,1.74593090326172,0.105202402856584
00490.png,6,0,2.01948445609599,0.15031682131968
00491.png,3,0,1.63462347319586,0.102071874852525
00492.png,5,1,2.01499997706912,0.242609577951335
00493.png,6,0,2.02802320014041,0.22249331935581
00494.png,3,0,1.83882563801336,0.177597476825506
00495.png,7,0,2.21038134610088,0.181612604623496
00496.png,5,0,2.04975823617006,0.189971358109797
00497.png,3,0,1.68526208069818,0.201003926528939
00498.png,5,0,1.94858480410903,0.101389126983045
00499.png,4,0,1.88865370704709,0.254197879730794
00500.png,7,0,1.89915465614516,0.159092094606516
00501.png,4,0,1.81106376628888,0.236778153704426
00502.png,5,0,1.92528320210071,0.175089410499365
00503.png,4,0,1.81351187537104,0.103048618849361
00504.png,5,1,2.03290931468766,0.251117925554785
00505.png,4,0,1.72918428874772,0.122186388512334
00506.png,3,0,1.61951720809522,0.229759784190746
00507.png,5,0,2.06645793187716,0.168706560478175
00508.png,4,0,1.52069372476254,0.177037479059734
00509.png,4,0,1.86540034529594,0.188695031823346
00510.png,5,0,1.76465999748611,0.195685013850598
00511.png,6,0,2.24290802360997,0.238247973563403
00512.png,3,0,1.65258779371603,0.130173527348438
00513.png,10,0,2.15202035470591,0.14713780220245
00514.png,6,0,2.06209703827049,0.242595760588794
00515.png,6,0,2.20853188528939,0.317448309181999
00516.png,3,0,1.66264600365855,0.233461792706936
00517.png,6,0,2.14049052455574,0.168413372776549
00518.png,2,0,1.52797467486473,0.202970737593553
00519.png,4,0,1.84452872887284,0.104594011549612
00520.png,2,0,1.43640051976015,0.14371850672186
00521.png,6,0,2.07427493564745,0.219461960227352
00522.png,2,0,1.34806888032407,0.0429986890731188
00523.png,7,0,2.22137073886025,0.154117896518193
00524.png,4,0,1.99179710989707,0.0987976951824291
00525.png,5,1,1.80894254276789,0.309555588772461
00526.png,6,0,1.90758111052458,0.0995102193588993
00527.png,6,1,1.99499075661903,0.363600133720308
00528.png,5,0,2.03473531240064,0.368085641042453
00529.png,4,0,1.82016739344076,0.175337168534434
00530.png,8,0,2.4242630033839,0.252622719101937
00531.png,3,0,1.51839387489555,0.0906153399038957
00532.png,7,0,2.20055947325058,0.170524986711817
00533.png,7,0,2.23014809809979,0.218473897654912
00534.png,2,0,1.43533612715043,0.0846477421601203
00535.png,7,0,2.06850784748671,0.170477634880451
00536.png,7,0,2.17423670181618,0.210506173215244
00537.png,1,0,1.42976684709213,0.144529956970918
00538.png,5,0,2.17878980735721,0.0706422032432399
00539.png,5,0,2.03820260678262,0.243855093404448
00540.png,6,0,2.05963408753192,0.0992358625421464
00541.png,6,0,1.9274145362841,0.25425913881226
00542.png,2,0,1.59058556162519,0.199999569129256
00543.png,2,0,1.4495167658539,0.201320365205566
00544.png,4,0,1.79365506522107,0.229240229302945
00545.png,5,1,1.95125528335098,0.16604606655886
00546.png,6,0,1.95717062799916,0.186920299753107
00547.png,4,0,1.46944057379962,0.0996906235289743
00548.png,3,0,1.59590110842939,0.0620811509635479
00549.png,6,0,2.09410155005846,0.271672667786375
00550.png,3,0,1.66272650766522,0.218360464069345
00551.png,4,0,1.73904202948723,0.0763190149948327
00552.png,5,1,2.05693310017907,0.355120569740195
00553.png,6,0,2.07059292491827,0.092044177846235
00554.png,4,0,1.95866135097083,0.049326367936167
00555.png,3,0,1.82213780657664,0.137556265380607
00556.png,3,0,1.56916227727422,0.289749027805657
00557.png,5,0,2.03768843694664,0.403521278571554
00558.png,5,0,2.01571371292679,0.18623380682147
00559.png,5,0,1.91119929512896,0.140540706876057
00560.png,5,0,2.05048386096078,0.223098958535585
00561.png,7,0,2.27751641282159,0.302227859776595
00562.png,4,0,1.8449285926143,0.112054052923312
00563.png,4,0,1.86155612880084,0.197646178840236
00564.png,7,0,2.04662912164949,0.188297716951168
00565.png,2,0,1.41447270367266,0.145807701929566
00566.png,4,0,1.69077184589641,0.0890065813956957
00567.png,5,0,2.00029851997709,0.165363717541159
00568.png,5,1,1.91339257823196,0.303008089302063
00569.png,7,0,2.02545460905017,0.273757030636053
00570.png,6,0,2.01300168248808,0.128714182111514
00571.png,4,0,1.65808254331887,0.205635770690345
00572.png,5,0,1.79139616967187,0.030581579039804
00573.png,4,0,1.78641058114173,0.121201093985623
00574.png,5,0,1.95175747257599,0.233229215339263
00575.png,4,0,1.71197030759095,0.130287432712675
00576.png,4,0,1.74043261335849,0.148359124305587
00577.png,4,0,1.68517953534196,0.0120867276502952
00578.png,8,0,2.15789422240223,0.140617764311063
00579.png,4,0,1.82340560200943,0.0618374163103158
00580.png,4,0,1.77149639214824,0.119292780824264
00581.png,2,1,1.55114099478099,0.378884380229623
00582.png,2,0,1.45210406541818,0.0941559546827876
00583.png,4,0,1.89807117095675,0.13353357125739
00584.png,6,0,2.17747560466456,0.129779036529951
00585.png,7,0,2.36478601062875,0.241991772116727
00586.png,3,0,1.71908750473393,0.204666842614591
00587.png,5,1,2.01608846419147,0.348779761521257
00588.png,4,0,1.67967128976834,0.248943433959855
00589.png,6,0,2.08169171507227,0.232416923791852
00590.png,6,0,1.95289845548735,0.221489834807128
00591.png,4,0,1.71289534162791,0.109537956272033
00592.png,4,0,1.72525808729437,0.0820359200882393
00593.png,8,0,2.35125270515267,0.22362185568883
00594.png,5,0,2.05280996878125,0.273078895773771
00595.png,6,0,2.07671886625527,0.141171308070035
00596.png,7,0,2.17606748468455,0.134482323180522
00597.png,2,0,1.313096436479,0.0823590515198724
00598.png,2,0,1.50572853930901,0.0594726394493763
00599.png,3,0,1.67202508896854,0.189068175938767
00600.png,7,0,1.629028563786,0.0665567067591828
00601.png,9,0,2.30798773970302,0.205987037225208
00602.png,5,0,2.13585125980832,0.24912802842123
00603.png,5,0,2.05947996299075,0.241834598132468
00604.png,3,0,1.53078017954041,0.173773702412813
00605.png,5,0,1.54140078926485,0.132092978685761
00606.png,4,0,1.86061970307538,0.258409782022272
00607.png,7,0,2.17495570324062,0.124572381053124
00608.png,6,0,2.08273195860101,0.154085258922729
00609.png,10,0,2.36765126635863,0.386060320750689
00610.png,5,0,1.92240748540061,0.166006867377154
00611.png,5,0,1.9702688111806,0.204034093895515
00612.png,4,0,1.89543915863912,0.232252936680129
00613.png,4,0,2.05301483856641,0.131817470471953
00614.png,7,0,2.19558257270773,0.213975127194728
00615.png,4,0,1.95153301380724,0.299444870791446
00616.png,4,0,1.44509912217422,0.127688355607749
00617.png,9,0,2.14867836415828,0.227836621513952
00618.png,5,0,1.80691140828755,0.296222876939638
00619.png,4,0,1.66714653834878,0.0637326868397269
00620.png,5,0,1.92558747044422,0.207360218713643
00621.png,5,1,2.03290997127721,0.183541887203551
00622.png,9,0,2.34558477040657,0.131373027713979
00623.png,4,0,1.84111474967965,0.332734112134447
00624.png,8,0,2.39976030530139,0.298885053997378
00625.png,3,1,1.78407212965987,0.177906989824277
00626.png,3,0,1.6561178940538,0.111394925804608
00627.png,4,0,1.94684602135879,0.126895208888058
00628.png,3,0,1.67949827783076,0.0523027635263987
00629.png,5,0,1.8419495814636,0.192686108666881
00630.png,6,0,2.13302872277129,0.117590055715431
00631.png,3,0,1.75029922148221,0.196858187393514
00632.png,3,0,1.66541279772217,0.0887793743664275
00633.png,3,0,1.68787463778683,0.105485498032214
00634.png,5,0,1.76517068143656,0.146150386080504
00635.png,5,0,2.11468959541453,0.253449246300421
00636.png,3,0,1.52317122537297,0.0828923656641931
00637.png,6,0,2.16230293779312,0.265208726470397
00638.png,7,0,2.06087459912676,0.167951159076103
00639.png,5,0,1.79608682591797,0.190748127328175
00640.png,7,0,2.1926115858786,0.266214326709164
00641.png,9,0,2.2317251956825,0.217166155865113
00642.png,4,0,1.8063414184388,0.202885485591908
00643.png,8,0,2.11546154969847,0.214599983817484
00644.png,5,0,2.01367023503515,0.208698680843891
00645.png,4,0,1.74590979104875,0.195238073529384
00646.png,5,0,1.95765288893181,0.116053603452791
00647.png,8,0,2.2139016445225,0.135587252557962
00648.png,5,0,1.76124988804022,0.206660486659582
00649.png,7,0,1.99429161839445,0.244219294737916
00650.png,3,0,1.76983212038035,0.115113896751515
00651.png,6,0,2.07949834039333,0.239546331808264
00652.png,5,0,1.74043293600153,0.177693780004179
00653.png,2,1,1.56969170943543,0.363982789019736
00654.png,3,1,1.73407636482179,0.348542016230967
00655.png,7,0,2.40902762535327,0.226149285291297
00656.png,3,0,1.76938946099682,0.0885511519325226
00657.png,6,0,2.1467488521501,0.192347238180154
00658.png,5,0,1.89944949758402,0.129724172073336
00659.png,3,0,1.75488778229813,0.080917139835123
00660.png,5,0,1.89263504453212,0.0980446550792706
00661.png,5,0,1.94747367028251,0.188492040856527
00662.png,5,0,1.947602362361,0.267712750426401
00663.png,6,0,2.07007986284057,0.151990070637864
00664.png,3,0,1.44665644868246,0.0720808492661166
00665.png,3,0,1.60910931659755,0.160825328459424
00666.png,4,0,1.93179326027986,0.111172600337124
00667.png,1,0,1.24110538027199,0.0192291753813553
00668.png,5,0,1.81517605405068,0.103510534483586
00669.png,3,0,1.5730714213848,0.246929475669116
00670.png,5,1,1.99613274275846,0.361852010282971
00671.png,5,0,1.97917636391651,0.250134062370117
00672.png,4,0,1.71991886346962,0.118654925522941
00673.png,7,0,2.13493074941661,0.123758578890117
00674.png,3,0,1.59188220691879,0.0836543393541607
00675.png,5,0,1.8277384232149,0.107878978007356
00676.png,4,0,1.87112593103358,0.140541911775243
00677.png,5,0,1.80716819467295,0.201061591633587
00678.png,7,0,2.25481894966509,0.267125028092667
00679.png,8,0,2.35046492410093,0.140012864363774
00680.png,1,0,1.40004166736032,0.202041705376868
00681.png,4,0,1.8103693816879,0.107472294926881
00682.png,6,0,2.05999538096764,0.248776950796948
00683.png,5,0,1.80337266922068,0.114157165454311
00684.png,6,0,2.07491285856518,0.177986158552274
00685.png,7,0,2.05447593650358,0.220877370809892
00686.png,5,0,1.81371560562593,0.159818608143612
00687.png,4,0,1.68111897955096,0.0833622233795708
00688.png,5,0,2.06686466985916,0.204996712453029
00689.png,4,0,1.63391025238639,0.117726816788989
00690.png,7,0,2.04825101300154,0.161841847742545
00691.png,5,0,1.86593459470522,0.0455366925804376
00692.png,2,0,1.49125921974687,0.133595675729305
00693.png,5,0,1.94748658979502,0.181338058263725
00694.png,7,0,2.16679895851972,0.262033640665897
00695.png,6,0,2.21761414676908,0.263810425482768
00696.png,6,0,2.04995974098053,0.141198223313195
00697.png,7,0,2.33514235452525,0.279295393499899
00698.png,7,0,2.13010574509691,0.182282250882846
00699.png,5,0,1.90851725069003,0.147524918341472
00700.png,5,0,1.83217281337439,0.101497715193884
00701.png,7,0,2.1441445813206,0.219003417847497
00702.png,4,0,1.79801519006514,0.0864148796902943
00703.png,6,0,2.26896332928508,0.276019461855441
00704.png,6,0,2.01433614313431,0.072691541346812
00705.png,8,0,1.98142256415683,0.0934136610802802
00706.png,5,0,1.9810477927116,0.20165790270203
00707.png,3,0,1.65989630532415,0.234687427077876
00708.png,8,0,2.23492042691954,0.198568560382427
00709.png,3,0,1.76231304264109,0.225026569464392
00710.png,6,1,1.90893811673054,0.219233737744984
00711.png,2,0,1.38204316698216,0.0435063179271994
00712.png,7,0,2.18134305406756,0.337283711246487
00713.png,4,0,1.79991598485655,0.169883160467149
00714.png,5,0,2.13082368463703,0.195891884264384
00715.png,3,0,1.59871495668351,0.100908692187603
00716.png,3,0,1.77715557444224,0.0923254482091975
00717.png,5,0,1.84697362153424,0.097079702342719
00718.png,3,1,1.8035167066567,0.324266631786478
00719.png,5,0,1.75285104144618,0.204129035567798
00720.png,10,0,2.54573746988757,0.364001342822116
00721.png,5,0,1.86023650789457,0.20901683862275
00722.png,9,0,2.54191893895369,0.221792581592845
00723.png,3,1,1.64853573517389,0.129776516173049
00724.png,4,1,1.86401780037775,0.318250698928218
00725.png,3,1,1.5796054402191,0.206626959873674
00726.png,6,0,1.90202746473363,0.108409386794066
00727.png,5,0,1.76794260610153,0.27110265602037
00728.png,3,1,1.57676633937631,0.336811813796376
00729.png,5,1,2.0216478470483,0.282848289024161
00730.png,4,0,1.66538190589395,0.0666762375312028
00731.png,8,0,2.4847475932626,0.226389180307146
00732.png,7,0,2.24032002926275,0.104355832873229
00733.png,3,0,1.55318665951308,0.0852331439012609
00734.png,6,0,1.82557300974684,0.157487605038912
00735.png,2,2,1.34900111938165,0.311173983641839
00736.png,4,0,1.66469400116178,0.197339802098866
00737.png,2,0,1.65916780233416,0.165978264807833
00738.png,5,0,1.95513419513003,0.175548002528321
00739.png,4,0,1.70763090512738,0.110998729842744
00740.png,5,1,2.02214513301796,0.247776705393305
00741.png,4,0,1.76027197920541,0.15163499507574
00742.png,4,0,1.84265800809947,0.180633873064302
00743.png,5,0,1.82353155332586,0.104074914279578
00744.png,6,0,2.15333514919763,0.233458168181189
00745.png,4,0,1.88274563772765,0.0745569425036665
00746.png,5,0,1.8549772403952,0.239672233331685
00747.png,4,0,1.75112389631733,0.119091223834279
00748.png,5,0,1.87596660959418,0.177496643507493
00749.png,7,0,2.28542106633993,0.227995395645634
00750.png,3,0,1.69439134387564,0.109192850261118
00751.png,4,0,1.6980860719875,0.205446842248229
00752.png,6,0,1.85579222232926,0.0772171425003605
00753.png,5,0,1.96619444168719,0.0917376223803641
00754.png,4,1,1.89012194934878,0.388824987138034
00755.png,5,0,1.75838320226316,0.149212727199146
00756.png,5,0,1.82791334755574,0.252522182847755
00757.png,8,0,2.40339823115138,0.214008009189512
00758.png,6,0,2.25108363004033,0.279745626544287
00759.png,2,0,1.62729000078565,0.133682419277418
00760.png,8,0,2.41128074770116,0.344687412576935
00761.png,4,0,1.65168749991728,0.220078105571145
00762.png,3,1,1.61933013181418,0.251566439552228
00763.png,4,0,1.55908335673482,0.045973927408727
00764.png,6,0,1.91317429308581,0.165601590322475
00765.png,6,0,2.21831232927266,0.121316247500036
00766.png,4,0,1.8749830439527,0.271932184446972
00767.png,5,0,1.93091619134996,0.336821492734374
00768.png,6,0,2.17036594348522,0.138248703895628
00769.png,5,0,1.9017074318416,0.182225642106693
00770.png,9,0,2.65179088211627,0.203904948473964
00771.png,6,0,1.78870142409371,0.128873586523032
00772.png,6,0,2.0956429434469,0.184620380622172
00773.png,5,0,1.9409391304578,0.305466177788777
00774.png,7,0,2.17327957713384,0.113115931737192
00775.png,7,0,2.03397449703975,0.162549282986714
00776.png,6,0,2.20400418504755,0.25386634913738
00777.png,4,0,1.8158054253947,0.0726519831404492
00778.png,6,0,1.75995183289911,0.26110596118457
00779.png,3,0,1.53239568523833,0.0585812543173396
00780.png,5,0,1.80447094273299,0.108980866413627
00781.png,4,0,1.85092674348844,0.157487416499456
00782.png,7,0,2.26629692834673,0.283958852538261
00783.png,5,1,1.98624393097492,0.23776430263637
00784.png,3,0,1.80367202316629,0.391923144935694
00785.png,5,0,1.84438584886937,0.30856644003185
00786.png,5,0,1.81464593576901,0.157565610788604
00787.png,4,0,1.87485722802663,0.150800869871902
00788.png,7,0,2.28383736010872,0.237366248321026
00789.png,3,0,1.53661555532515,0.090515913481292
00790.png,6,0,2.27853590447563,0.0541678392233511
00791.png,5,0,1.95145528118826,0.190680088333963
00792.png,4,0,1.72455181350045,0.0385647495810648
00793.png,3,1,1.78664694240211,0.177644969361248
00794.png,4,0,1.76609035021287,0.130090171579806
00795.png,4,1,1.82340472187709,0.266338860507228
00796.png,3,0,1.45080117008629,0.0447260104861522
00797.png,4,1,1.77414092761038,0.334598621549307
00798.png,5,0,1.80247836675747,0.172825542587008
00799.png,7,0,2.14475646694136,0.0556495363849347
00800.png,6,1,2.04243738535465,0.302498666457625
00801.png,3,0,1.59330172079996,0.104765532651604
00802.png,4,1,1.83091143652454,0.305822271868991
00803.png,3,0,1.61270957009961,0.0431426547705084
00804.png,6,0,1.85062738712978,0.232509944301907
00805.png,5,0,1.9073720727641,0.13554185626947
00806.png,6,0,1.89530811908472,0.241828339285071
00807.png,5,0,2.04956023700733,0.179344217052459
00808.png,5,0,2.02485024266216,0.120202391718749
00809.png,6,0,1.92324766200885,0.0914021242674004
00810.png,3,1,1.79655972680834,0.275325921878949
00811.png,5,0,2.05766199940536,0.180550914791273
00812.png,3,0,1.59022654146423,0.0930530873653161
00813.png,8,0,2.18294570613758,0.209878645492887
00814.png,4,0,1.65627211311424,0.232416569435274
00815.png,4,0,1.75887053430583,0.140739355234137
00816.png,4,0,1.78561055696331,0.110207389224201
00817.png,4,0,1.97404027830784,0.247829055769008
00818.png,4,0,1.86761216079449,0.150038245184448
00819.png,3,1,1.54294683187119,0.385735455634162
00820.png,2,0,1.47878093800295,0.179360373020686
00821.png,6,0,2.16620653361328,0.228777743888786
00822.png,4,0,1.86453530853693,0.160731821995638
00823.png,7,0,2.11448868294007,0.166358872412128
00824.png,4,0,1.62224938087908,0.233891982290108
00825.png,5,1,1.88521932844775,0.152142912649908
00826.png,4,0,1.70187358468077,0.192188074887341
00827.png,1,0,1.24934197930715,0.0306761440300561
00828.png,2,0,1.35953875924525,0.127100354481207
00829.png,5,0,1.95451468560942,0.0676287388853278
00830.png,6,0,2.15495693815654,0.151499534609371
00831.png,7,0,2.27693704701918,0.135753255521559
00832.png,6,0,1.92812876213354,0.241473542798825
00833.png,5,0,2.09422484062231,0.155547125711686
00834.png,4,0,1.88627217923184,0.132173272606907
00835.png,4,0,1.86093386632852,0.203097226604538
00836.png,7,1,2.31233345320172,0.429647373941767
00837.png,5,0,1.95587697113311,0.310436500040042
00838.png,8,0,2.45743643249413,0.114721914414156
00839.png,6,0,2.01035666630155,0.204023969799373
00840.png,5,0,1.94563929330514,0.18257789239931
00841.png,6,0,1.72048850882136,0.0775635357244934
00842.png,4,0,1.66376532527755,0.0645723866397542
00843.png,9,0,2.26536695723682,0.165196369203151
00844.png,3,1,1.627651614914,0.249676204831209
00845.png,7,0,2.21597223798945,0.124113481445733
00846.png,6,0,2.08447759628783,0.0825043968610939
00847.png,5,0,2.09710813621264,0.158509602507863
00848.png,6,0,2.07676089623675,0.133871603560696
00849.png,3,0,1.64960097818255,0.0952751538679135
00850.png,3,0,1.47634594788528,0.0824526713599923
00851.png,3,0,1.5298923312259,0.181665655985543
00852.png,4,0,1.71910693416792,0.0516458696540024
00853.png,4,0,1.87297942424347,0.179674367300592
00854.png,3,0,1.63382434904457,0.0272554700753014
00855.png,5,0,1.86190755877687,0.138511746586463
00856.png,8,0,2.42337290096422,0.176400610875526
00857.png,4,0,1.82207908434453,0.152029161429551
00858.png,5,0,1.99233615623827,0.213450017576664
00859.png,2,0,1.70076472105166,0.103689964679104
00860.png,4,0,1.75458877414283,0.174312914671284
00861.png,3,0,1.8153368864738,0.0735914581834354
00862.png,3,0,1.84138369514498,0.173824495689326
00863.png,3,0,1.61474274274688,0.178740075294988
00864.png,4,1,1.8992839233207,0.148085008225414
00865.png,6,0,2.03412823603404,0.144453270145515
00866.png,6,0,1.86008314711233,0.0589622578221141
00867.png,5,0,1.76878418217685,0.0630106157117331
00868.png,5,0,1.86234408975181,0.150271252513492
00869.png,4,0,1.83006192861355,0.148850611450585
00870.png,8,0,2.53905604683525,0.312589537902581
00871.png,4,0,1.81735124508035,0.139852866075886
00872.png,4,0,1.96662976308339,0.184259869673548
00873.png,5,0,1.8196345718459,0.146334074333953
00874.png,6,0,1.97390429014145,0.233775154579465
00875.png,3,0,1.67133606601442,0.196318579630316
00876.png,4,0,1.98007765985882,0.161367976786678
00877.png,8,0,2.27804332704339,0.275987265668861
00878.png,6,0,2.27291812126918,0.217127656408368
00879.png,7,0,2.30026705133344,0.169415513809557
00880.png,7,0,2.00746286737212,0.263197441078817
00881.png,4,0,1.95994345871441,0.196430659232613
00882.png,4,0,1.83031524053325,0.205753245888419
00883.png,4,0,1.93368671893474,0.127321050293635
00884.png,8,0,2.34922644249542,0.179873440250042
00885.png,5,0,2.12310188350977,0.234415165671135
00886.png,5,0,1.94509675126142,0.127128784646271
00887.png,3,0,1.74848021828832,0.22437954357228
00888.png,5,0,1.77447429083193,0.151367889117888
00889.png,4,0,1.77667623862863,0.151057185972239
00890.png,6,0,2.09050373459846,0.106412258723652
00891.png,5,0,1.84883724099528,0.265839469192746
00892.png,8,0,2.16143516597056,0.202864444996204
00893.png,8,0,2.27079106380795,0.217701068076914
00894.png,6,0,2.07311355753581,0.210636463217469
00895.png,5,0,1.77188045557723,0.17754532191332
00896.png,7,0,2.3302948911152,0.299086602582167
00897.png,7,0,2.10772512835364,0.234258319688944
00898.png,6,0,2.21593676480013,0.162105534171155
00899.png,5,1,2.11006802059432,0.270395688998202
00900.png,7,0,2.25648771094958,0.243249909186937
00901.png,2,0,1.35908331361293,0.141619964063928
00902.png,6,0,2.10002848718469,0.247508597414171
00903.png,5,0,1.83578425652121,0.0367924892926423
00904.png,5,1,1.60007984636274,0.319055535141479
00905.png,6,0,2.10394746919791,0.215817253669132
00906.png,6,0,2.04435709643989,0.181334875539013
00907.png,6,0,2.07523660542486,0.102365541095964
00908.png,3,0,1.56430746371548,0.0275154821892754
00909.png,3,0,1.79877403170262,0.108989232238506
00910.png,6,0,2.02912431140263,0.121964376664656
00911.png,5,0,1.93503462094865,0.200447022470009
00912.png,6,0,2.07320375504607,0.29086337878666
00913.png,2,0,1.53514381251585,0.0832786532507822
00914.png,5,0,2.00570386201251,0.150942760714874
00915.png,4,1,1.76358839077978,0.188443158345719
00916.png,3,0,1.78503848948182,0.116096786878089
00917.png,5,0,2.14885133892116,0.235118707653575
00918.png,6,1,1.89107618411943,0.200071168661432
00919.png,6,0,2.2043560284139,0.256519741521206
00920.png,4,0,1.81814861569316,0.12211413333788
00921.png,6,1,2.22793986729938,0.294930344426491
00922.png,3,0,1.69551692074231,0.244655695330768
00923.png,4,0,1.98527937086169,0.256562128568152
00924.png,3,0,1.68509160498247,0.190845916762402
00925.png,5,0,1.80719401569257,0.0566895960477145
00926.png,5,0,2.03085491318902,0.170929685704122
00927.png,5,0,1.96236809165041,0.295322185796816
00928.png,6,0,2.09729185924547,0.0643735787091961
00929.png,4,0,1.72159706715377,0.105294831732565
00930.png,3,0,1.71933889996244,0.256929336509688
00931.png,7,0,2.07167290458483,0.159993010947109
00932.png,3,1,1.63157391956144,0.254336593888312
00933.png,3,0,1.5769973340972,0.0688430208963869
00934.png,4,0,1.869462902967,0.0665272000817934
00935.png,5,1,2.13908465199004,0.315478466714674
00936.png,5,1,2.03523250526526,0.349495899433844
00937.png,5,1,1.98151025907664,0.267477470099106
00938.png,4,0,1.7120917102858,0.0821349743575165
00939.png,3,0,1.6664567272494,0.0939860133374323
00940.png,2,0,1.55178096571855,0.0575540313210722
00941.png,5,0,2.02502999227843,0.218035476721374
00942.png,4,0,1.93401622503284,0.262204007996005
00943.png,5,0,1.91941449151684,0.23768723266816
00944.png,4,0,1.70947056231721,0.176209512376945
00945.png,9,0,2.04784024651036,0.221460921000748
00946.png,4,0,1.82136245261197,0.0939851532233642
00947.png,6,0,2.23503113897369,0.229498714853605
00948.png,3,0,1.7077892639351,0.188167648715089
00949.png,4,0,1.74937511208288,0.105958624765185
00950.png,5,0,1.94932579878487,0.304709752251411
00951.png,7,0,2.12301706693151,0.158232876973968
00952.png,7,0,2.12413393348162,0.149786737904736
00953.png,4,0,1.67893567310762,0.172352576041094
00954.png,7,0,2.15553690406329,0.204186014792745
00955.png,5,1,1.94664164370243,0.356453691806534
00956.png,4,0,1.77547167199147,0.286550645878474
00957.png,6,0,2.12215629542345,0.188005223965588
00958.png,9,0,2.36217850879536,0.273529951726393
00959.png,8,0,2.56757582848165,0.261265937459888
00960.png,5,0,2.01989844078275,0.0908924204567704
00961.png,2,0,1.59571449939019,0.194521186137485
00962.png,3,0,1.72415344256625,0.244241356997917
00963.png,4,0,1.97614389410752,0.221194145640738
00964.png,4,1,1.69403379834949,0.226633421313471
00965.png,3,1,1.69522218294028,0.261141450944045
00966.png,3,0,1.74945042648922,0.111866036085597
00967.png,3,1,1.69232485208405,0.340580430344994
00968.png,3,0,1.6012066723951,0.0324974524099093
00969.png,6,0,1.91972393653086,0.197435913233234
00970.png,3,0,1.64977279204656,0.112473501776089
00971.png,8,0,2.16163947228292,0.291446775352831
00972.png,4,0,1.70623102888673,0.12678231160857
00973.png,6,0,2.06851165286703,0.210206787590047
00974.png,7,0,2.43233950574187,0.281224708068026
00975.png,4,0,1.88775265829909,0.136796137412153
00976.png,3,0,1.72579216829717,0.27530388352894
00977.png,7,0,2.08009575240319,0.340362399722317
00978.png,4,1,1.87758400015973,0.365247058311611
00979.png,4,0,1.74843238125437,0.18195871302068
00980.png,6,0,2.11816923150956,0.286207550595767
00981.png,5,0,2.15833936879195,0.155808698126069
00982.png,7,0,2.32925085747755,0.258586347552349
00983.png,5,1,1.93346632803554,0.322617694852095
00984.png,3,0,1.60283232657824,0.187155851276974
00985.png,3,0,1.66797296185226,0.152788867208965
00986.png,3,0,1.56271574534606,0.145352313911957
00987.png,5,0,1.86308630943406,0.205092047850008
00988.png,3,1,1.82485070423333,0.255992558736667
00989.png,4,0,1.67813984792251,0.0402248419119995
00990.png,3,1,1.83188057185763,0.318196465448852
00991.png,4,0,1.94910591781284,0.252840206810326
00992.png,4,0,1.75950603935383,0.0608016974599475
00993.png,5,0,2.01779809863402,0.129084682274145
00994.png,7,0,2.1390601605542,0.252874627727227
00995.png,4,0,1.6878064513668,0.13258264580375
00996.png,5,0,1.88490428700331,0.0768216081489276
00997.png,5,2,1.838671887312,0.350683940541675
00998.png,5,0,1.8805895268816,0.142531087784848
00999.png,4,0,1.4586169278817,0.178721710612518
01000.png,5,0,1.9281601885581,0.150961448096869
01001.png,2,0,1.51972771934636,0.15396782906078
01002.png,5,0,1.98993651881176,0.27171458466988
01003.png,4,0,1.73267844482727,0.0876989138575147
01004.png,5,0,1.99402569554134,0.221431316659692
01005.png,4,0,1.6766009896062,0.119217680907209
01006.png,5,0,1.95557410087233,0.0706354793152263
01007.png,7,0,2.39208185612239,0.336974820588538
01008.png,4,0,1.80610881566403,0.151650870246807
01009.png,6,0,2.06182133289158,0.209491094415781
01010.png,3,1,1.60997667331296,0.370721427539054
01011.png,3,1,1.74377930396993,0.33530831721355
01012.png,5,0,1.83173808539775,0.127845382971315
01013.png,6,0,2.0647880778359,0.222692672135634
01014.png,7,0,2.05219172099651,0.150396809827869
01015.png,10,0,2.14577737468186,0.247675602090255
01016.png,2,0,1.54094886834058,0.120817562398149
01017.png,6,0,2.02344781405015,0.232085584641142
01018.png,5,0,1.86550393270997,0.0787746943433038
01019.png,8,0,2.32674091373669,0.117024902196859
01020.png,5,0,1.91980020187801,0.126395240831851
01021.png,7,0,2.18048563802009,0.137827814520731
01022.png,6,0,2.13862492721863,0.210685536631109
01023.png,3,1,1.77883567204133,0.187744835449604
01024.png,3,1,1.64448783597083,0.230115528941172
01025.png,5,0,1.89547180967177,0.124633023635638
01026.png,5,0,2.08575428663351,0.16572155334554
01027.png,6,0,2.15128931640791,0.164537935735421
01028.png,4,0,1.85877697755643,0.135216686423687
01029.png,8,0,2.35894587833809,0.295703740977274
01030.png,2,1,1.54922065143133,0.260102333497785
01031.png,5,1,1.90052142787774,0.244612954296264
01032.png,3,0,1.62147718332194,0.122548807674644
01033.png,5,0,2.06391237451702,0.25561566669213
01034.png,6,0,2.26629619836829,0.15617685563361
01035.png,2,0,1.51258955476951,0.0888608980358947
01036.png,5,0,1.87745558391479,0.133260092074494
01037.png,4,0,1.75982054977375,0.162385552293504
01038.png,5,0,2.02083990226372,0.15200950521305
01039.png,8,0,2.09582935752082,0.263729977952146
01040.png,6,0,2.00229188068091,0.1125101663885
01041.png,2,0,1.6552846087887,0.200049761682471
01042.png,3,0,1.60641996371102,0.214887951966573
01043.png,2,1,1.41090214872565,0.230411269692842
01044.png,7,0,2.34723902777633,0.222457673431472
01045.png,5,0,1.97405228909603,0.185692959240918
01046.png,3,0,1.640798914505,0.243894980416562
01047.png,8,0,2.07198113438242,0.24833765658603
01048.png,8,0,2.29977432187383,0.167272928507253
01049.png,7,0,1.81081912773678,0.0770183911455628
01050.png,3,0,1.45731464563304,0.0068388758172207
01051.png,6,0,1.99567912588244,0.170270731617674
01052.png,4,0,1.70281315839812,0.201564269446167
01053.png,3,1,1.42647529476812,0.243095996164519
01054.png,4,0,1.81041707240507,0.0957878305013708
01055.png,7,0,2.34540202394045,0.192335346376476
01056.png,5,0,2.01321604985739,0.238921294829922
01057.png,4,0,1.71915240772987,0.168686921066309
01058.png,4,0,1.55708765264306,0.0650501229549746
01059.png,3,0,1.62627531055847,0.101984673969634
01060.png,6,1,2.15971369445938,0.34495526189537
01061.png,6,0,1.81752513133419,0.197612883777289
01062.png,4,0,1.77414512460589,0.142827053673133
01063.png,2,1,1.62516660794732,0.251623085166917
01064.png,7,0,2.23508495930163,0.180273982311519
01065.png,4,0,1.62512973203117,0.245965742616842
01066.png,5,0,1.89761018115259,0.191863951462309
01067.png,2,0,1.45055360543859,0.0866342512470495
01068.png,3,1,1.62961053571992,0.388856518489532
01069.png,5,0,1.88212640469212,0.083466341702797
01070.png,6,0,1.69140727584003,0.20195404426511
01071.png,3,0,1.66072715430647,0.201470619319452
01072.png,7,1,2.17325119394897,0.33747063412342
01073.png,5,0,1.75793311988873,0.097254061375344
01074.png,3,0,1.69167747124115,0.105190368956525
01075.png,6,0,1.99992592374921,0.157870619480427
01076.png,3,0,1.71571324706965,0.255793148895993
01077.png,5,0,1.93174945485149,0.197330345346348
01078.png,7,0,2.3580329527351,0.22297011544278
01079.png,3,1,1.55730065363128,0.242360711186995
01080.png,3,0,1.8545807513132,0.226808633108831
01081.png,5,0,1.65238595414051,0.0695408347882776
01082.png,3,0,1.60792108798376,0.157759056050145
01083.png,5,1,1.86821447086188,0.218460489928189
01084.png,6,1,2.26260256588506,0.401789674576369
01085.png,5,0,2.21000914472549,0.214940133996437
01086.png,5,0,1.85966373739779,0.148945159466715
01087.png,3,3,1.93798754905422,0.480972003060563
01088.png,5,1,1.75595569859962,0.285162789300059
01089.png,10,0,2.08010685992216,0.206165816007367
01090.png,6,0,2.11363145497814,0.209320416931294
01091.png,4,0,1.72358372411892,0.167846170749425
01092.png,6,0,2.02576171765655,0.160856382806793
01093.png,4,0,1.89925850996796,0.0922491682866231
01094.png,4,0,1.55093822227185,0.139229403465568
01095.png,7,0,1.8414615771263,0.164324281175418
01096.png,4,0,1.8728816227473,0.191314966005083
01097.png,7,0,2.22738277637212,0.140740144470645
01098.png,5,0,1.85324111825553,0.177793524736542
01099.png,2,0,1.61766019283712,0.0774553037877792
01100.png,6,0,2.18284457368624,0.127848521573489
01101.png,6,0,2.08250120484291,0.195832165771084
01102.png,5,0,1.90257173857401,0.066271529718503
01103.png,6,0,2.12552767658292,0.123455366760567
01104.png,3,0,1.76592721529293,0.03769557510209
01105.png,4,1,1.63950267248995,0.191583145044026
01106.png,7,0,2.13875245767852,0.288399655240544
01107.png,4,1,1.94451062338905,0.223669360037704
01108.png,5,0,1.85411485091433,0.152752242432659
01109.png,4,0,1.65459636219356,0.284645850962906
01110.png,6,0,2.13068164141457,0.156340532873505
01111.png,5,0,1.81619839611667,0.0291009251985536
01112.png,4,0,1.81171749000526,0.123399730464071
01113.png,7,0,1.9550674642672,0.276834322345411
01114.png,3,0,1.52750758822745,0.0983974197555892
01115.png,7,0,2.28110614308775,0.152013928699693
01116.png,1,2,1.29608584048917,0.345006309019609
01117.png,7,0,2.18661281881186,0.239800952435009
01118.png,3,0,1.58929605179637,0.0993390836028229
01119.png,5,0,1.91503350039883,0.0652249236028786
01120.png,3,0,1.75832979686259,0.19830006691703
01121.png,6,0,2.10859380320167,0.239320452493835
01122.png,4,1,1.63844379507405,0.224959448244623
01123.png,3,0,1.61086257803162,0.159083641640223
01124.png,4,0,1.73137125634558,0.128732889762372
01125.png,8,0,2.40954317497959,0.197160338765213
01126.png,4,1,1.80960611170663,0.221704545612732
01127.png,6,0,2.01152634952592,0.226785302505636
01128.png,3,0,1.60792846686201,0.153017496266452
01129.png,3,0,1.58265205833068,0.107685719915885
01130.png,2,0,1.55810735588951,0.151394132298912
01131.png,4,1,1.97146489683137,0.357781441796249
01132.png,3,0,1.65872894504138,0.0889418287530748
01133.png,3,0,1.561144781374,0.0234282480410234
01134.png,2,0,1.39185656145255,0.0132362779331888
01135.png,7,0,2.2083111258146,0.181633459142838
01136.png,4,0,1.76446573536997,0.257768455032655
01137.png,3,0,1.95773579763017,0.173970358396928
01138.png,5,0,1.8726771373525,0.0291680589617273
01139.png,6,0,1.97289587103821,0.196121544352711
01140.png,4,0,2.04247452550355,0.107553683377807
01141.png,5,0,1.85177771577644,0.216074048745528
01142.png,4,0,1.81976972375528,0.113863041031798
01143.png,5,0,1.77625483521197,0.170653339617439
01144.png,6,0,2.05083435092439,0.200538230484336
01145.png,5,0,1.93298170389476,0.29677553504865
01146.png,8,0,2.05664623463368,0.246888664103007
01147.png,3,0,1.4588775772057,0.107000701737194
01148.png,3,1,1.59913380583112,0.280181433377799
01149.png,6,0,1.97027542313139,0.305818456143443
01150.png,4,1,1.89685495596556,0.209637695086658
01151.png,5,0,1.928808214527,0.124681234504843
01152.png,8,1,2.20886406914398,0.260562266177507
01153.png,4,0,1.78068587796415,0.178590193353087
01154.png,4,1,1.8277117158264,0.281039244259287
01155.png,4,0,1.88540744378858,0.288057043605449
01156.png,4,0,1.76525993156172,0.0750406807199562
01157.png,9,0,2.12248535157921,0.132657558315413
01158.png,5,0,2.07307979028666,0.250390649888483
01159.png,7,0,2.34191865211215,0.222804382169651
01160.png,4,0,1.9567650154502,0.161251496544146
01161.png,4,0,1.72363727892496,0.0353028584063984
01162.png,7,0,1.94106890232537,0.293783297828179
01163.png,4,0,1.75102932564505,0.141557084028862
01164.png,4,0,1.66672716965391,0.292490291548775
01165.png,3,0,1.7297095791866,0.238185518976349
01166.png,3,0,1.47110003496329,0.0993078635071837
01167.png,4,0,1.93252503762801,0.203870626760123
01168.png,6,0,1.9220930173803,0.253715142903771
01169.png,8,0,2.09170109128241,0.16383155400046
01170.png,6,0,2.06349873991636,0.137168599659036
01171.png,6,0,1.90913064413289,0.205380058058161
01172.png,4,0,1.95759885202658,0.187499288705226
01173.png,5,0,1.99814585619045,0.192310563704427
01174.png,3,0,1.49602897007358,0.142379019934534
01175.png,4,0,1.78372835480248,0.199754873045045
01176.png,5,0,2.04219345501657,0.150931521233598
01177.png,4,0,1.6750242346973,0.0937540202701795
01178.png,4,0,1.93443594792441,0.222736695724763
01179.png,5,0,1.89006916212774,0.144214909847368
01180.png,4,0,1.79202987839053,0.396532796683581
01181.png,4,0,1.76514238363503,0.140836496130314
01182.png,3,0,1.70612510349654,0.0927148981842688
01183.png,4,0,1.85495617624584,0.248585053166106
01184.png,6,0,1.9673182229962,0.242322633039525
01185.png,5,0,1.8112706177308,0.0823304276794743
01186.png,6,0,2.12297037315714,0.359361626398852
01187.png,3,0,1.56004343004185,0.0667929470207463
01188.png,2,1,1.45219333405727,0.207386702751992
01189.png,7,0,2.24733744910285,0.158104473015885
01190.png,6,0,2.02704954499503,0.144567779629655
01191.png,2,1,1.41792999122209,0.222043860778271
01192.png,3,0,1.55340464655698,0.155625576695979
01193.png,8,0,2.35497572134398,0.269723746614838
01194.png,1,0,1.33998969907445,0.10075785904049
01195.png,4,0,1.77842697123621,0.0397784416501583
01196.png,5,0,1.90131907309542,0.284085135988842
01197.png,4,1,1.70595799457303,0.165058801218459
01198.png,6,0,2.08170589069156,0.456034115191098
01199.png,4,0,1.74258534027162,0.176184499502263
01200.png,4,0,1.56935046711975,0.00150140175079128
01201.png,2,0,1.39957990299727,0.0781366934307739
01202.png,5,1,1.88105591503732,0.281356748218053
01203.png,6,0,1.78893135641307,0.137559094354898
01204.png,4,0,1.85057103723463,0.0731301928431469
01205.png,5,0,1.77600253971646,0.295818040342506
01206.png,10,0,2.35573434987397,0.176779967017798
01207.png,3,0,1.75911614575792,0.0958963834254739
01208.png,3,0,1.9332597829002,0.235253372473801
01209.png,5,0,2.03848819277174,0.226874167030277
01210.png,8,0,2.33807451640328,0.17405056615008
01211.png,5,0,2.10304076252338,0.234865643826339
01212.png,6,0,2.01615589011999,0.268743646218105
01213.png,3,0,1.65866175415607,0.0665232745206677
01214.png,6,0,2.06312195915437,0.180356862453316
01215.png,7,0,2.22608424193024,0.199931139235545
01216.png,6,0,2.31859234874067,0.262802832055563
01217.png,5,0,1.90211436573651,0.286020121830849
01218.png,6,0,1.98407636924483,0.119697436879625
01219.png,3,0,1.53104090770016,0.0478293102469031
01220.png,3,0,1.59275586357233,0.0578887411185819
01221.png,4,0,1.8643198375193,0.176041258732696
01222.png,7,0,2.11838279328661,0.0840710662892958
01223.png,5,0,1.88466633826023,0.175660660415896
01224.png,6,0,2.13479208107932,0.112679683052758
01225.png,6,0,2.06557037392125,0.20658517229208
01226.png,7,0,2.2422356928213,0.225666872484526
01227.png,6,0,2.15355303259031,0.213307801388398
01228.png,5,0,2.04972157737471,0.155844296016797
01229.png,4,0,1.85918557975082,0.169607268490987
01230.png,7,0,1.97444414106547,0.139357373214994
01231.png,3,1,1.80667318077341,0.289996463961209
01232.png,5,1,1.9233179523273,0.411956329064543
01233.png,4,0,1.90782245535634,0.103875580538707
01234.png,5,0,1.96182768660374,0.198966925274998
01235.png,5,0,1.91838249823513,0.202816164646358
01236.png,5,0,2.0357627424081,0.100392300360712
01237.png,5,0,1.90336217999391,0.141251256427814
01238.png,6,0,2.13906341036548,0.147053374855496
01239.png,8,0,2.27281060088507,0.335866390690356
01240.png,3,0,1.60606155955692,0.270087066823545
01241.png,2,0,1.32424385187964,0.0389353127548516
01242.png,1,1,1.35896079584466,0.244310307455197
01243.png,3,0,1.70762292118198,0.225753624926928
01244.png,3,0,1.61538798608487,0.0846940555236813
01245.png,6,0,2.05368702462435,0.0676147095534098
01246.png,3,0,1.50723902382676,0.129983726610189
01247.png,4,0,1.82094685516431,0.0934398172031748
01248.png,2,0,1.72720898180266,0.134616062457774
01249.png,4,1,1.94831820825237,0.312208229496877
01250.png,6,0,1.88416191702448,0.0602132878625662
01251.png,7,0,2.1097687091688,0.190678648406472
01252.png,7,0,2.38288895161925,0.259340870606002
01253.png,5,0,2.13888658493944,0.301917422694785
01254.png,4,0,1.6407197387217,0.0212201515288988
01255.png,4,0,1.871530466023,0.0441005091702991
01256.png,7,0,2.140063886058,0.27194606217068
01257.png,3,0,1.54257564360253,0.17280585588156
01258.png,8,0,2.27429068144837,0.0860850191456726
01259.png,6,0,2.03086155795814,0.134930362655188
01260.png,4,0,1.81519568728921,0.105560425821168
01261.png,3,0,1.68356413533346,0.199150051460043
01262.png,8,0,2.49272048331253,0.303846328154218
01263.png,7,0,2.22277599598856,0.15198535696302
01264.png,6,0,2.13222082425502,0.168104045235394
01265.png,6,0,1.93805669814321,0.184314238396907
01266.png,4,0,1.79798756731166,0.255159507198384
01267.png,7,0,2.14820971908491,0.116815961636841
01268.png,7,0,2.21391044623061,0.18180677714829
01269.png,6,0,2.09012136359815,0.445503251699796
01270.png,5,0,1.92261015789604,0.289793844729012
01271.png,2,0,1.66543291604998,0.272373749935904
01272.png,4,0,1.97083881275093,0.245486298418336
01273.png,5,1,1.90328887964744,0.238908675027906
01274.png,6,0,2.1559415276562,0.131415774678847
01275.png,3,0,1.63988727633762,0.0445284795330298
01276.png,7,0,2.0363028433025,0.240899014119455
01277.png,6,0,2.08949802122926,0.246707615819422
01278.png,4,0,1.95821009783038,0.144898658781319
01279.png,6,1,2.13104457221872,0.269910388014807
01280.png,6,0,2.06044548052047,0.143213077056882
01281.png,4,0,1.84871161595861,0.195411904208148
01282.png,6,0,2.05244730390161,0.204995462728917
01283.png,5,0,2.17742306475526,0.161672611091795
01284.png,3,0,1.67884648456468,0.190425317767153
01285.png,3,0,1.54383289025921,0.0778869460289516
01286.png,5,0,1.90317500195296,0.144605529759968
01287.png,6,0,1.87849912664238,0.171275053265773
01288.png,5,0,1.95994822468215,0.306924620361494
01289.png,3,0,1.72894958204518,0.108757690160966
01290.png,7,0,2.22294564581842,0.290642674148795
01291.png,4,0,1.74485213205558,0.0418889460515135
01292.png,6,0,1.81403772523278,0.152038037588984
01293.png,5,0,1.80174147005209,0.121345688199309
01294.png,3,1,1.49456933147166,0.122980433122
01295.png,5,0,2.00172840228412,0.153006629550634
01296.png,5,0,2.01491902463917,0.156407804193921
01297.png,7,0,2.34123690266084,0.28192731811796
01298.png,4,0,1.90403154484948,0.133594664169763
01299.png,4,0,1.90425651505398,0.139420100000149
01300.png,3,0,1.49285833808384,0.075327109382618
01301.png,5,0,1.71379741297707,0.203215340901529
01302.png,4,0,1.87824583589385,0.0636667374268275
01303.png,4,0,1.76163957348504,0.150172887921937
01304.png,4,1,1.60063249868727,0.1542104479086
01305.png,9,0,2.39207249136667,0.223916425429274
01306.png,3,2,1.71389270322014,0.311965003005323
01307.png,7,0,2.02914196672943,0.217467669893665
01308.png,5,0,1.9109722249288,0.201974682135422
01309.png,4,0,1.87061070096584,0.172194607917433
01310.png,2,1,1.47462633002627,0.362577345216999
01311.png,3,0,1.64762408513096,0.170274034042043
01312.png,4,0,1.87536496724045,0.222449528048483
01313.png,6,0,2.097630373589,0.111670682012673
01314.png,6,0,2.31131505675176,0.176965952593136
01315.png,4,1,1.84464002958944,0.332345056269441
01316.png,7,0,2.25555783811158,0.17591731503826
01317.png,4,0,1.66412606227389,0.0562469966714573
01318.png,5,0,1.91381624745727,0.131226676002668
01319.png,6,0,1.84830441825377,0.101536529286981
01320.png,4,1,1.89081824178368,0.162642481823711
01321.png,5,0,1.80382590229012,0.231611659158817
01322.png,4,1,1.93567937133281,0.228655894578004
01323.png,5,0,2.07256441508909,0.127949476888579
01324.png,8,0,2.30024437713465,0.102732594625242
01325.png,6,0,2.04075686433428,0.114180144082026
01326.png,3,0,1.77318690286599,0.129899353394997
01327.png,4,0,1.88532831101438,0.242971065854727
01328.png,4,1,1.76262169678535,0.204897786651412
01329.png,2,0,1.66012841570184,0.179137026572147
01330.png,5,0,1.96672716639645,0.305940385705058
01331.png,6,0,2.04877164568962,0.170618241971169
01332.png,5,0,2.10728208817628,0.244510333919747
01333.png,6,0,2.00387965784504,0.0777325010457619
01334.png,4,0,1.93775803916745,0.111626914549248
01335.png,6,0,2.11825098013706,0.182154495274109
01336.png,5,0,1.84248858903516,0.182931181414762
01337.png,5,0,1.94902632378195,0.181870838901352
01338.png,3,0,1.53052639962287,0.137714086459224
01339.png,8,0,2.50885488439861,0.329106181667859
01340.png,6,0,1.90122114415514,0.208008063195185
01341.png,5,0,2.22272344600232,0.138046805008309
01342.png,7,0,2.32227302070151,0.175738290649644
01343.png,5,0,2.05113085779325,0.12277063509924
01344.png,4,0,2.02671737622035,0.100412051724405
01345.png,3,1,1.52583164617514,0.316291334801098
01346.png,2,0,1.49039308379051,0.282232099056309
01347.png,7,0,2.25248556154549,0.203435131452796
01348.png,4,0,1.63547320879914,0.2544320418829
01349.png,2,0,1.51092425921329,0.0997003481437193
01350.png,9,0,2.53249219082926,0.243982605174061
01351.png,4,0,1.79214076198518,0.146792878633638
01352.png,4,1,1.72899090847999,0.159178571260804
01353.png,5,0,1.94572595405301,0.14009714011071
01354.png,3,1,1.85301059787872,0.213520852840749
01355.png,4,0,1.90981388152367,0.112554766596179
01356.png,4,1,1.67044378877619,0.181393825903071
01357.png,6,0,2.03772606811805,0.268347966402151
01358.png,7,0,1.95513896238844,0.20724715351767
01359.png,7,0,2.14956953497424,0.195514465864805
01360.png,5,0,1.82227905642304,0.0848371131598971
01361.png,6,0,2.13363910116626,0.158472934299161
01362.png,3,1,1.59537021128029,0.179071142027644
01363.png,4,0,1.81968263462926,0.118342110658114
01364.png,6,0,1.99540088704274,0.189504035376381
01365.png,6,0,2.13821665715836,0.289131239493708
01366.png,5,0,1.85986192555055,0.141468009881938
01367.png,5,0,2.03838050268689,0.244462810672027
01368.png,7,0,2.03449330642393,0.12992135607698
01369.png,7,0,2.15351317373742,0.256844576480593
01370.png,4,0,1.75309700707753,0.243895854265429
01371.png,4,0,1.8584007926868,0.177917067729971
01372.png,5,0,1.92875948393459,0.0469843941444241
01373.png,8,0,2.15277266344431,0.178149647708269
01374.png,3,0,1.76105677240273,0.200967170865242
01375.png,3,0,1.61880600153221,0.118953746121306
01376.png,2,0,1.3383253352066,0.122290389695009
01377.png,6,0,1.91407124004633,0.21434202216734
01378.png,4,0,1.84835042048207,0.0566894990635253
01379.png,7,1,2.33728646543058,0.272461104540194
01380.png,3,1,1.64658897620878,0.189585336968105
01381.png,4,0,1.89082143626352,0.251465004210886
01382.png,5,0,2.04585664795243,0.0392641418238024
01383.png,5,0,1.92176473959044,0.0917998345400435
01384.png,3,0,1.76287819101267,0.228547365451824
01385.png,3,0,1.74791531863006,0.161997954649995
01386.png,6,0,2.1401852400808,0.231276604453384
01387.png,4,0,1.79504755840651,0.217145584917121
01388.png,4,1,1.76410251168333,0.197964512316501
01389.png,4,0,1.72495734299197,0.197706413845561
01390.png,4,0,1.90080459535472,0.17544662189695
01391.png,4,0,1.85610425829958,0.168823000147229
01392.png,3,1,1.73973704673462,0.213374767858485
01393.png,2,0,1.37870083989077,0.0675384249328086
01394.png,5,0,2.03377137956949,0.144429341667917
01395.png,4,1,1.74152826447126,0.191607747689117
01396.png,7,0,2.24953951718391,0.0538522391868473
01397.png,9,0,2.30318497847781,0.139078341053788
01398.png,7,0,2.26062342082068,0.131612078546947
01399.png,8,0,2.3033382497501,0.165262380300554
01400.png,3,0,1.64645527388892,0.0970374200488064
01401.png,3,0,1.45250848833744,0.149704081915276
01402.png,4,0,1.87314821413223,0.240933839326279
01403.png,4,0,1.86888986457973,0.0915666272586084
01404.png,6,0,2.20900061335327,0.224655433209394
01405.png,2,0,1.39125472019675,0.136153941628082
01406.png,6,0,1.9859819529181,0.164264358404418
01407.png,2,0,1.30765670321466,0.0518158335151394
01408.png,6,0,2.13865210132401,0.141009790664852
01409.png,4,0,1.93766475627016,0.139491632012353
01410.png,4,0,1.95743360757835,0.134204547187499
01411.png,3,0,1.70016198657071,0.104249108618558
01412.png,4,1,1.7517277286348,0.301972430007788
01413.png,2,0,1.53849486523213,0.261459307560595
01414.png,5,0,2.0691109471987,0.230576336290304
01415.png,6,0,1.92639298875333,0.25293533368717
01416.png,7,0,1.82463973404482,0.2230157505848
01417.png,10,0,2.61910145819131,0.393594510305555
01418.png,4,1,1.68291252566527,0.198413383784087
01419.png,6,0,2.15497732224939,0.18445827472924
01420.png,7,0,2.3828218990176,0.257811662321594
01421.png,5,0,1.60905047835805,0.0443097823437641
01422.png,5,0,1.96841667912671,0.109926689165509
01423.png,7,0,2.28329876955708,0.197251933645478
01424.png,4,0,1.71197218206738,0.0297775918861785
01425.png,5,0,1.71566262837339,0.289906287359537
01426.png,5,0,1.99340898923667,0.113374187093296
01427.png,8,0,1.89055468415232,0.213070832530958
01428.png,5,0,1.8300389495507,0.281387425813829
01429.png,2,0,1.5731061304944,0.158979487919635
01430.png,7,0,2.24692891980098,0.200754661256975
01431.png,3,0,1.64016343187127,0.211544544844505
01432.png,7,0,2.36798327864186,0.196205300327167
01433.png,5,0,2.03831891939564,0.25789092659379
01434.png,3,0,1.57789872508173,0.191402337515229
01435.png,4,0,1.83538268406162,0.155472355646618
01436.png,2,0,1.40035918781851,0.135868461922599
01437.png,5,0,1.9868874329962,0.108117782199815
01438.png,5,0,1.84603948826047,0.0498348508126735
01439.png,3,1,1.49080084277021,0.269282627301883
01440.png,6,0,1.81515362703225,0.263428487271539
01441.png,3,0,1.76382266038663,0.198242022987556
01442.png,4,1,1.81099960986419,0.216542774847227
01443.png,5,0,1.88315011492173,0.234822227345204
01444.png,5,0,1.81632620385084,0.0464890201490762
01445.png,4,0,1.86167619997062,0.0280904074577709
01446.png,6,0,2.03548681441821,0.281257005874505
01447.png,5,0,2.0307511076414,0.139010027142279
01448.png,4,0,1.94974738442154,0.207931514363331
01449.png,6,0,2.2032386389166,0.17644196035532
01450.png,6,0,2.05783026217232,0.140344011416639
01451.png,6,0,2.11031282747181,0.210059577589605
01452.png,7,0,2.16534453323407,0.186042459853531
01453.png,2,1,1.54650088003678,0.20638259883791
01454.png,7,0,2.05026430774702,0.237769322112004
01455.png,3,0,1.70920794293465,0.252578398660137
01456.png,4,0,1.99802657900896,0.33782975475886
01457.png,7,0,2.43641865931662,0.317028858345393
01458.png,4,0,1.67492719850611,0.0766890673342706
01459.png,7,1,2.27497562493025,0.253364878963873
01460.png,7,0,2.04670504882314,0.128713253382586
01461.png,6,0,2.1201307264848,0.108139366859426
01462.png,5,1,1.91732487167161,0.364589045633302
01463.png,3,0,1.48409006144364,0.156535865443539
01464.png,8,0,2.26193866755476,0.159429565891926
01465.png,7,0,2.12693459333301,0.188245077309092
01466.png,5,0,1.97426693850658,0.179691111837088
01467.png,3,0,1.78998846451969,0.222175065104823
01468.png,2,2,1.71436584646819,0.389210584240936
01469.png,4,0,1.69614166335052,0.219808329812026
01470.png,5,1,1.83863814776629,0.198556967617332
01471.png,2,0,1.56858884912454,0.190587275531205
01472.png,4,0,1.77389917793754,0.196429500986621
01473.png,7,0,2.11313083011549,0.170165328446422
01474.png,10,0,2.64756570970792,0.189178574179396
01475.png,5,0,1.9270448802511,0.0787430450950378
01476.png,5,0,2.05810115906128,0.211747977704025
01477.png,4,0,1.71837468648082,0.147554141399494
01478.png,6,0,2.196083636831,0.174793510596434
01479.png,6,0,2.00167521221541,0.179473986785235
01480.png,3,0,1.66751411163327,0.162783056800397
01481.png,8,0,2.02179686605361,0.195384036961505
01482.png,5,0,1.95566200147742,0.151791672151903
01483.png,5,0,2.10403109690028,0.276289111932059
01484.png,3,2,1.59729006005172,0.33060791628559
01485.png,7,0,2.11829533072025,0.166441235681003
01486.png,2,0,1.55827876677471,0.329238531215371
01487.png,7,0,2.16751663005854,0.119319094421039
01488.png,6,0,2.19956236393996,0.15751548438553
01489.png,3,0,1.67774836468091,0.140752396671575
01490.png,4,0,1.50144486355918,0.163055456567564
01491.png,5,0,1.92600861187758,0.215712988713281
01492.png,2,0,1.45126038441179,0.0872099044142448
01493.png,7,0,2.11573293659105,0.152572612545911
01494.png,4,0,1.69744122825896,0.154533451235151
01495.png,7,0,2.27412517092009,0.250704440229427
01496.png,4,0,1.70579013430848,0.195421652059223
01497.png,6,0,2.08461560130271,0.191872036683398
01498.png,3,0,1.866374753837,0.195420697336153
01499.png,6,0,2.13106982546939,0.277375088162142
01500.png,5,0,1.979194941708,0.107494286455289
01501.png,2,0,1.50420083158351,0.0965248242443484
01502.png,7,0,2.03502274928657,0.0686171379499063
01503.png,2,0,1.57423814941764,0.185394805358716
01504.png,4,0,1.89265632014014,0.162188140910864
01505.png,3,0,1.68133485304865,0.0674711438700805
01506.png,5,0,1.85390982031896,0.100449409992567
01507.png,3,0,1.64892797487678,0.090723455462134
01508.png,7,0,2.28421423126937,0.283558962740372
01509.png,7,0,2.23970329851584,0.112461232822526
01510.png,2,0,1.48852782302295,0.163699203558873
01511.png,3,2,1.70724414503086,0.485620214147151
01512.png,5,0,1.95533431808152,0.153132448699398
01513.png,3,0,1.57263997483123,0.198157920472914
01514.png,4,0,2.04813254602462,0.181244882626524
01515.png,5,0,1.71601229933724,0.10408890534223
01516.png,4,0,1.70672799611616,0.102128842117555
01517.png,5,0,2.0472069922834,0.144293891097809
01518.png,5,0,1.94438177226073,0.162690433836736
01519.png,4,0,1.8033538494322,0.229542470940339
01520.png,5,0,2.10105019444801,0.179982957277841
01521.png,5,0,2.00998964604138,0.131808512130735
01522.png,6,0,1.91206603458737,0.0948478045248859
01523.png,4,0,1.77358214508015,0.0581469666701946
01524.png,2,0,1.4909766718137,0.143925547137046
01525.png,4,0,1.65459563206918,0.16242285997003
01526.png,5,0,1.81536035186616,0.169169314640772
01527.png,7,0,2.24850376026484,0.233971163697258
01528.png,2,1,1.45767525095992,0.303133710148632
01529.png,6,0,1.93438385540635,0.255637737919738
01530.png,5,0,2.00506595725135,0.235328793389759
01531.png,5,1,1.97818152670176,0.210940005055833
01532.png,2,0,1.59357759299114,0.161425634229329
01533.png,6,0,1.88188690890954,0.376298135027281
01534.png,3,1,1.60754730939247,0.318391386726288
01535.png,4,0,1.66442456615483,0.123547643543941
01536.png,4,0,1.71976471956116,0.0288526282183396
01537.png,4,0,1.94127228718946,0.179028281688682
01538.png,4,0,1.77588693557192,0.032367984533746
01539.png,7,0,2.20116898068192,0.172427050967422
01540.png,6,0,2.06051830186699,0.21041648684944
01541.png,3,0,1.60261141911256,0.0326336894788387
01542.png,7,0,2.33136358762774,0.291592115033441
01543.png,7,0,2.15916927400434,0.0715013184086069
01544.png,5,0,1.88245342225438,0.14649381140025
01545.png,5,0,1.81018254631587,0.137544364442559
01546.png,7,0,2.18479771726249,0.18234644629258
01547.png,3,0,1.72776568544081,0.111493746590299
01548.png,3,0,1.79735055320172,0.138256767906105
01549.png,5,0,1.92165264368706,0.202480162761996
01550.png,3,0,1.53082091573306,0.151292086238147
01551.png,6,0,2.10686327898851,0.182085365907726
01552.png,5,0,1.90650684594172,0.0935021192379616
01553.png,4,0,1.90995002004864,0.203051542676914
01554.png,2,0,1.34894834538582,0.0622492932092104
01555.png,3,1,1.72238206768307,0.156112178602551
01556.png,1,0,1.30428422813875,0.0600750399247466
01557.png,6,0,2.02832753305152,0.248114024541203
01558.png,3,0,1.65373032707473,0.0797694182917801
01559.png,4,0,1.80804280203988,0.228040732531299
01560.png,4,0,1.69531233394171,0.0509179115444358
01561.png,3,0,1.62391920743823,0.119810714921324
01562.png,4,0,1.71986018033407,0.081218877648964
01563.png,5,0,2.04652018439429,0.277093272356407
01564.png,3,0,1.46238338921274,0.156629850161945
01565.png,3,0,1.59936922916387,0.0853530679448071
01566.png,7,0,2.11146367319353,0.162743176857598
01567.png,5,0,2.02070876914643,0.219251807267184
01568.png,4,0,1.80319840712082,0.105012731656585
01569.png,6,0,2.09681491951468,0.118242303428404
01570.png,6,2,2.11398430403722,0.397330529879111
01571.png,7,0,2.33890196718851,0.165459007836124
01572.png,4,0,1.86020940983773,0.149173584736472
01573.png,5,0,1.85825700775447,0.207423622211217
01574.png,5,0,2.01753041168045,0.234799542055808
01575.png,6,0,2.1344280445685,0.213393113541547
01576.png,3,0,1.65237449859119,0.0768253571341157
01577.png,4,0,1.75475697090566,0.158070855775597
01578.png,2,0,1.72047976080521,0.145248528840443
01579.png,5,0,2.0217614250904,0.260419249249607
01580.png,2,1,1.4097240939118,0.305304563422648
01581.png,4,0,1.88689950143531,0.210891881690665
01582.png,3,0,1.73011337057188,0.127305595455173
01583.png,4,0,1.67723542689805,0.011617849196922
01584.png,5,1,1.95434782714769,0.226213503246755
01585.png,4,0,1.66333656989206,0.142342050514174
01586.png,5,0,1.85963073696195,0.129255353116771
01587.png,6,1,2.08707267777246,0.281279593789571
01588.png,6,0,2.08799673011182,0.377354050232189
01589.png,5,0,1.90447558347623,0.294445428863887
01590.png,4,0,1.81011462841219,0.0613063298921316
01591.png,7,0,2.16868552213841,0.222317254247145
01592.png,5,0,1.92172196695247,0.126246743189868
01593.png,5,0,1.94601176301405,0.268307031739464
01594.png,8,0,1.88930452105495,0.169027727179056
01595.png,5,0,1.72413601426054,0.0795921904428174
01596.png,5,0,1.94149260950211,0.210480424148722
01597.png,5,0,1.92896513886491,0.297979550367431
01598.png,3,0,1.64937114318122,0.0290094759553656
01599.png,5,1,1.90147784805655,0.285477793716034
01600.png,5,0,2.01942761316426,0.177677068173437
01601.png,7,0,2.21090325511659,0.200615906294325
01602.png,5,0,1.86901492121015,0.130995569380777
01603.png,4,0,1.84803607818208,0.21586692265839
01604.png,5,0,2.06001787437088,0.253111149373945
01605.png,5,0,1.97395793896727,0.0805613842741416
01606.png,5,0,2.06235130936511,0.212318128167945
01607.png,8,0,2.12745730153055,0.250312120043613
01608.png,8,0,2.2370441382812,0.12028324852934
01609.png,4,0,1.85312868147371,0.234616927266945
01610.png,3,1,1.7599162595935,0.293236418071968
01611.png,7,0,2.05116270446143,0.208715308512392
01612.png,2,0,1.57881034708102,0.209220247634251
01613.png,3,0,1.65902890004535,0.165418668495528
01614.png,6,0,2.0317162868496,0.0924525525761902
01615.png,6,0,2.15268165202649,0.244569830726184
01616.png,2,0,1.55585375440296,0.11229049349938
01617.png,6,0,2.02651451231483,0.282984863612867
01618.png,6,1,2.12894133488571,0.228766997594536
01619.png,6,0,1.93218799286874,0.208914553798891
01620.png,4,1,1.6421228220467,0.171606419469083
01621.png,4,0,1.89334477207186,0.15051744407041
01622.png,3,2,1.70134354692442,0.42834989469117
01623.png,6,0,2.00506111182455,0.145105709955835
01624.png,4,0,1.84243448814848,0.154636870683601
01625.png,5,1,2.08744351232485,0.289172965720927
01626.png,5,0,1.85337973553439,0.324415344845855
01627.png,2,0,1.52370224855583,0.0212969269931598
01628.png,5,1,2.04517816282996,0.259866996226098
01629.png,4,0,1.92941991183095,0.166062090643786
01630.png,4,0,1.77717299561017,0.188002268929824
01631.png,4,0,1.83805250052968,0.127666299673658
01632.png,3,0,1.50289645118479,0.0775454881524041
01633.png,3,1,1.61510683967249,0.197571682956404
01634.png,6,0,1.84783015193834,0.133725148062182
01635.png,5,0,1.88326633577634,0.258347999842584
01636.png,4,0,1.62575754579873,0.0623473653295138
01637.png,9,0,2.22003043348154,0.238202263289138
01638.png,3,0,1.62378952931855,0.0281664745060611
01639.png,4,0,1.79930981833652,0.136609531283844
01640.png,6,0,1.9983063490697,0.23966454798901
01641.png,4,0,1.63579268137781,0.0901588369349529
01642.png,4,0,1.84301591715898,0.118085365815625
01643.png,5,0,1.99670680842265,0.184397693499893
01644.png,5,0,1.87380365251302,0.198596293584833
01645.png,4,0,1.72602223119198,0.171153014048698
01646.png,5,0,1.903347704452,0.109562917706797
01647.png,4,0,1.87390375302672,0.0507095520327313
01648.png,2,0,1.65179644698338,0.17433944098401
01649.png,2,0,1.44953579580818,0.213884972266111
01650.png,6,0,2.2016733750432,0.178652740340107
01651.png,5,0,1.98191482469624,0.248930620074045
01652.png,4,0,1.87544905939869,0.214144419949809
01653.png,4,0,1.85042098658385,0.0913536541424517
01654.png,6,0,1.93512337228542,0.0466707528078759
01655.png,3,0,1.55825928271812,0.021565450015252
01656.png,6,0,1.991673909307,0.17645515742205
01657.png,6,0,2.20260750111083,0.196624076596845
01658.png,5,2,2.08903022606099,0.29614732193001
01659.png,5,0,1.96420532869315,0.0782959664513426
01660.png,4,0,1.81814658491246,0.0989436877299727
01661.png,4,0,1.85778363593007,0.191509313008513
01662.png,3,0,1.59857406178368,0.0296948431143428
01663.png,2,0,1.45654775440432,0.00160560292674433
01664.png,7,0,2.26855672936706,0.228105364492212
01665.png,8,1,2.35799984916508,0.301523776485585
01666.png,4,0,1.77086503988366,0.160127904589444
01667.png,7,0,2.17799266471906,0.237640101896478
01668.png,5,0,1.96833713354751,0.24940905999666
01669.png,5,0,2.07972346473938,0.2165207893327
01670.png,6,0,1.67459465788004,0.19630794016595
01671.png,5,0,1.91001618647969,0.24182039394464
01672.png,3,0,1.52588697556155,0.198476359165791
01673.png,4,0,1.89768427085856,0.0574555048877479
01674.png,4,0,1.78673375110171,0.112874242159746
01675.png,6,0,1.98399305181742,0.172947077248062
01676.png,5,0,1.88607475480336,0.08801689741079
01677.png,4,0,1.85522708894254,0.247056259148178
01678.png,4,0,1.90166545462981,0.178206001330879
01679.png,6,0,1.79180494501265,0.13199546693502
01680.png,4,0,1.78532168165599,0.156683378358936
01681.png,7,0,1.97027531349079,0.31566802014574
01682.png,6,0,2.32155510411863,0.14329694792843
01683.png,4,0,1.86642646602928,0.139146912578313
01684.png,4,0,1.7457614531852,0.317284766958042
01685.png,4,0,1.69812183356854,0.180381095092132
01686.png,3,0,1.62390832223904,0.0866891788949791
01687.png,5,0,1.99003283471406,0.0937218519509289
01688.png,5,1,2.08182731065214,0.357655754672818
01689.png,9,0,2.34695792175279,0.227741831106778
01690.png,5,0,1.80265401463179,0.206547179110408
01691.png,6,0,2.02102712094322,0.223172114426018
01692.png,7,0,2.09151093544726,0.229123264710844
01693.png,6,0,1.88916741150612,0.184940121264258
01694.png,5,0,1.75523323007797,0.0376643098729448
01695.png,7,0,2.20851221972802,0.16151776516296
01696.png,6,0,1.96272124796164,0.142098788640616
01697.png,8,0,2.14834220695713,0.214996268656752
01698.png,5,0,2.05358995468788,0.171026228885449
01699.png,3,0,1.75666408815825,0.181553939278293
01700.png,5,0,1.79226017207247,0.207737104183548
01701.png,2,2,1.43472469030572,0.419114611234508
01702.png,6,0,1.925378694141,0.379128325564494
01703.png,7,0,2.42355355843652,0.195710657568473
01704.png,4,0,1.57333637439947,0.0727750819435852
01705.png,7,0,2.20826675482781,0.120768102869579
01706.png,5,0,1.98135730371264,0.0397520088285243
01707.png,4,0,1.93190629705198,0.243641804222215
01708.png,5,0,2.07387422969168,0.115182342964816
01709.png,4,0,1.6470354733067,0.131210801277732
01710.png,3,1,1.84387115858313,0.298271880972323
01711.png,5,0,1.95807891958145,0.103944514797075
01712.png,4,0,1.83874088787929,0.129753259752741
01713.png,4,0,1.9420895131174,0.297634585261724
01714.png,3,1,1.58823387371483,0.153407850174818
01715.png,1,1,1.28711474209693,0.130207073926572
01716.png,5,0,1.96554699952492,0.205637981492091
01717.png,4,0,1.77841903710286,0.144758640531871
01718.png,2,1,1.44397001031881,0.204584276165038
01719.png,5,0,1.8849229056334,0.177166362158733
01720.png,2,1,1.33237486931181,0.174776523936257
01721.png,7,0,2.13568102037422,0.19828031925336
01722.png,3,0,1.63850217279789,0.0788622413648476
01723.png,4,1,1.9399454576958,0.199135043283842
01724.png,5,0,1.92008132998277,0.0556396762350317
01725.png,4,0,1.74323329741465,0.115774237205529
01726.png,2,0,1.52511682998959,0.176450319835111
01727.png,6,1,2.06234736579131,0.219926044224176
01728.png,6,0,2.09064839755661,0.185442501050125
01729.png,5,0,1.80816989734651,0.124544721173187
01730.png,7,0,2.39044162143056,0.246248425016876
01731.png,8,1,2.32506437390203,0.323089922208175
01732.png,3,0,1.59645821556291,0.26530690515699
01733.png,5,0,1.94292920073494,0.0393175449642734
01734.png,9,0,2.29231915283989,0.273857991790996
01735.png,5,0,2.025690567593,0.153676929470542
01736.png,7,0,2.24163391873094,0.114240030751901
01737.png,5,0,1.79046415929934,0.136919519541985
01738.png,4,0,1.98079721923684,0.219933610462083
01739.png,2,0,1.54483747505098,0.162496942969242
01740.png,1,1,1.43658435616502,0.302191227252393
01741.png,5,0,2.04728156070079,0.18653756609582
01742.png,5,0,2.05946855451143,0.360603323716612
01743.png,3,0,1.6570348008397,0.299172494689729
01744.png,6,0,2.01444591773392,0.115252047894562
01745.png,3,0,1.70361832415828,0.177372892734816
01746.png,6,0,2.11599960195773,0.150166861754998
01747.png,5,0,1.91305381681014,0.117490640832694
01748.png,7,0,2.3390163061525,0.373262023902055
01749.png,7,0,1.94055481669208,0.148096140819786
01750.png,3,0,1.45309502363993,0.16962392694714
01751.png,8,1,2.33909706579137,0.424496704503706
01752.png,4,0,1.80734867278765,0.184594142883645
01753.png,3,0,1.46190864906499,0.0496530437159615
01754.png,7,0,2.24387092517627,0.108590376332488
01755.png,5,0,1.84548949214734,0.117852787936251
01756.png,5,0,1.88960862517093,0.081583636186436
01757.png,5,0,1.82799628696115,0.185885763036262
01758.png,3,0,1.51846008765036,0.090277760918193
01759.png,2,0,1.62974529429059,0.138691361852607
01760.png,5,0,1.98626379873842,0.242274349377754
01761.png,10,0,2.55292883951048,0.441651858880587
01762.png,3,0,1.90316555023035,0.264403077560691
01763.png,4,0,1.80997869641963,0.0370143681597144
01764.png,8,0,2.16752896438741,0.178411309977868
01765.png,6,0,2.13772114240384,0.231645467478907
01766.png,6,0,1.90432199744127,0.241746774827096
01767.png,4,0,1.9239800975513,0.23466975474064
01768.png,5,0,1.7143368043127,0.086979869298725
01769.png,8,0,2.27307789445831,0.241321566643427
01770.png,7,0,2.28203517811686,0.275863137212597
01771.png,5,0,1.76837298740522,0.210279229577413
01772.png,7,0,2.30450883924269,0.239335840640773
01773.png,5,1,2.00339476972486,0.28283677787134
01774.png,7,0,2.1093495903197,0.143724383451243
01775.png,3,0,1.40805687796261,0.0536124603415207
01776.png,8,0,2.42191374297488,0.180395859466053
01777.png,4,0,1.78325596120576,0.138666205529368
01778.png,4,0,1.6540295402721,0.0632225234310372
01779.png,3,0,1.78551065678014,0.181496711868225
01780.png,5,0,1.89117035757668,0.109990487158128
01781.png,7,0,2.12829261811041,0.220265715746983
01782.png,7,0,2.24696447780043,0.183161732696693
01783.png,4,0,1.85088657304186,0.275139124379437
01784.png,6,0,1.89291447432391,0.15889200919414
01785.png,5,0,1.72407958949801,0.080558715075526
01786.png,5,0,2.04949905809326,0.182495794251798
01787.png,4,0,1.75684129533682,0.0816938379869679
01788.png,5,0,1.8985797133252,0.190681085177138
01789.png,7,0,2.08216484658478,0.15855933656225
01790.png,6,0,2.20732095117243,0.172229295088497
01791.png,4,0,1.77650811275446,0.175556180112106
01792.png,4,0,1.83495858141758,0.256778864532045
01793.png,6,0,2.21394886801159,0.202715769975071
01794.png,4,0,1.68046377064295,0.212121586198719
01795.png,1,1,1.38433255729001,0.324519381701562
01796.png,3,0,1.63350681379998,0.0900558175635803
01797.png,3,0,1.65604099750954,0.0842728826176414
01798.png,4,0,1.69659019925321,0.195436028182158
01799.png,3,0,1.57128776755261,0.0279874053920889
